Year,Actor,Character,Film,Best_Actor,Best_Actress,Best_Supporting_Actor,Best_Supporting_Actress
1995,Kevin Bacon,Henri Young,Murder in the First,1.0,0.0,0.0,0.0
1996,Geoffrey Rush,David Helfgott,Shine,1.0,0.0,0.0,0.0
1997,Jack Nicholson,Melvin Udall,As Good as It Gets,1.0,0.0,0.0,0.0
1998,Ian McKellen,James Whale,Gods and Monsters,1.0,0.0,0.0,0.0
1999,Russell Crowe,Jeffrey Wigand,The Insider,1.0,0.0,0.0,0.0
2000,Russell Crowe,Maximus Decimus Meridius,Gladiator,1.0,0.0,0.0,0.0
2001,Russell Crowe,John Nash,A Beautiful Mind,1.0,0.0,0.0,0.0
2001,Sean Penn,Sam Dawson,I Am Sam,1.0,0.0,0.0,0.0
2001,Will Smith,Muhammad Ali,Ali,1.0,0.0,0.0,0.0
2002,Daniel Day-Lewis (TIE),"William ""Bill the Butcher"" Cutting",Gangs of New York,1.0,0.0,0.0,0.0
2002,Jack Nicholson (TIE),Warren Schmidt,About Schmidt,1.0,0.0,0.0,0.0
2002,Robin Williams,"Seymour ""Sy"" Parrish",One Hour Photo,1.0,0.0,0.0,0.0
2003,Sean Penn,Jimmy Markum,Mystic River,1.0,0.0,0.0,0.0
2003,Russell Crowe,Captain Jack Aubrey,Master and Commander: The Far Side of the World,1.0,0.0,0.0,0.0
2003,Johnny Depp,Captain Jack Sparrow,Pirates of the Caribbean: The Curse of the Black Pearl,1.0,0.0,0.0,0.0
2003,Ben Kingsley,Colonel Massoud Amir Behrani,House of Sand and Fog,1.0,0.0,0.0,0.0
2003,Bill Murray,Bob Harris,Lost in Translation,1.0,0.0,0.0,0.0
2004,Jamie Foxx,Ray Charles,Ray,1.0,0.0,0.0,0.0
2004,Javier Bardem,Ramón Sampedro,The Sea Inside,1.0,0.0,0.0,0.0
2004,Don Cheadle,Paul Rusesabagina,Hotel Rwanda,1.0,0.0,0.0,0.0
2004,Johnny Depp,J. M. Barrie,Finding Neverland,1.0,0.0,0.0,0.0
2004,Leonardo DiCaprio,Howard Hughes,The Aviator,1.0,0.0,0.0,0.0
2004,Paul Giamatti,Miles Raymond,Sideways,1.0,0.0,0.0,0.0
2005,Philip Seymour Hoffman,Truman Capote,Capote,1.0,0.0,0.0,0.0
2005,Russell Crowe,James J. Braddock,Cinderella Man,1.0,0.0,0.0,0.0
2005,Terrence Howard,DJay,Hustle & Flow,1.0,0.0,0.0,0.0
2005,Heath Ledger,Ennis Del Mar,Brokeback Mountain,1.0,0.0,0.0,0.0
2005,Joaquin Phoenix,Johnny Cash,Walk the Line,1.0,0.0,0.0,0.0
2005,David Strathairn,Edward R. Murrow,"Good Night, and Good Luck",1.0,0.0,0.0,0.0
2006,Forest Whitaker,Idi Amin,The Last King of Scotland,1.0,0.0,0.0,0.0
2006,Leonardo DiCaprio,Danny Archer,Blood Diamond,1.0,0.0,0.0,0.0
2006,Leonardo DiCaprio,"William ""Billy"" Costigan, Jr.",The Departed,1.0,0.0,0.0,0.0
2006,Ryan Gosling,Dan Dunne,Half Nelson,1.0,0.0,0.0,0.0
2006,Peter O'Toole,Maurice Russell,Venus,1.0,0.0,0.0,0.0
2006,Will Smith,Chris Gardner,The Pursuit of Happyness,1.0,0.0,0.0,0.0
2007,Daniel Day-Lewis,Daniel Plainview,There Will Be Blood,1.0,0.0,0.0,0.0
2007,George Clooney,Michael Clayton,Michael Clayton,1.0,0.0,0.0,0.0
2007,Johnny Depp,Benjamin Barker / Sweeney Todd,Sweeney Todd: The Demon Barber of Fleet Street,1.0,0.0,0.0,0.0
2007,Ryan Gosling,Lars Lindstrom,Lars and the Real Girl,1.0,0.0,0.0,0.0
2007,Emile Hirsch,Chris McCandless,Into the Wild,1.0,0.0,0.0,0.0
2007,Viggo Mortensen,Nikolai Luzhin,Eastern Promises,1.0,0.0,0.0,0.0
2008,Sean Penn,Harvey Milk,Milk,1.0,0.0,0.0,0.0
2008,Clint Eastwood,Walt Kowalski,Gran Torino,1.0,0.0,0.0,0.0
2008,Richard Jenkins,Walter Vale,The Visitor,1.0,0.0,0.0,0.0
2008,Frank Langella,Richard Nixon,Frost/Nixon,1.0,0.0,0.0,0.0
2008,Brad Pitt,Benjamin Button,The Curious Case of Benjamin Button,1.0,0.0,0.0,0.0
2008,Mickey Rourke,"Randy ""The Ram"" Robinson",The Wrestler,1.0,0.0,0.0,0.0
2009,Jeff Bridges,"Otis ""Bad"" Blake",Crazy Heart,1.0,0.0,0.0,0.0
2009,George Clooney,Ryan Bingham,Up in the Air,1.0,0.0,0.0,0.0
2009,Colin Firth,George Falconer,A Single Man,1.0,0.0,0.0,0.0
2009,Morgan Freeman,Nelson Mandela,Invictus,1.0,0.0,0.0,0.0
2009,Viggo Mortensen,Man,The Road,1.0,0.0,0.0,0.0
2009,Jeremy Renner,Sergeant First Class William James,The Hurt Locker,1.0,0.0,0.0,0.0
2010,Colin Firth,King George VI,The King's Speech,1.0,0.0,0.0,0.0
2010,Jeff Bridges,Rooster Cogburn,True Grit,1.0,0.0,0.0,0.0
2010,Robert Duvall,Felix Bush,Get Low,1.0,0.0,0.0,0.0
2010,Jesse Eisenberg,Mark Zuckerberg,The Social Network,1.0,0.0,0.0,0.0
2010,James Franco,Aron Ralston,127 Hours,1.0,0.0,0.0,0.0
2010,Ryan Gosling,Dean Pereira,Blue Valentine,1.0,0.0,0.0,0.0
2011,George Clooney,Matt King,The Descendants,1.0,0.0,0.0,0.0
2011,Leonardo DiCaprio,J. Edgar Hoover,J. Edgar,1.0,0.0,0.0,0.0
2011,Jean Dujardin,George Valentin,The Artist,1.0,0.0,0.0,0.0
2011,Michael Fassbender,Brandon Sullivan,Shame,1.0,0.0,0.0,0.0
2011,Ryan Gosling,Driver,Drive,1.0,0.0,0.0,0.0
2011,Brad Pitt,Billy Beane,Moneyball,1.0,0.0,0.0,0.0
2012,Daniel Day-Lewis,Abraham Lincoln,Lincoln,1.0,0.0,0.0,0.0
2012,Bradley Cooper,"Patrizio ""Pat"" Solitano, Jr.",Silver Linings Playbook,1.0,0.0,0.0,0.0
2012,John Hawkes,Mark O'Brien,The Sessions,1.0,0.0,0.0,0.0
2012,Hugh Jackman,Jean Valjean,Les Misérables,1.0,0.0,0.0,0.0
2012,Joaquin Phoenix,Freddie Quell,The Master,1.0,0.0,0.0,0.0
2012,Denzel Washington,"William ""Whip"" Whitaker, Sr.",Flight,1.0,0.0,0.0,0.0
2013,Matthew McConaughey,Ron Woodroof,Dallas Buyers Club,1.0,0.0,0.0,0.0
2013,Christian Bale,Irving Rosenfeld,American Hustle,1.0,0.0,0.0,0.0
2013,Bruce Dern,Woody Grant,Nebraska,1.0,0.0,0.0,0.0
2013,Chiwetel Ejiofor,Solomon Northup,12 Years a Slave,1.0,0.0,0.0,0.0
2013,Tom Hanks,Captain Richard Phillips,Captain Phillips,1.0,0.0,0.0,0.0
2013,Robert Redford,Our Man,All Is Lost,1.0,0.0,0.0,0.0
2014,Michael Keaton,Riggan Thomson,Birdman,1.0,0.0,0.0,0.0
2014,Benedict Cumberbatch,Alan Turing,The Imitation Game,1.0,0.0,0.0,0.0
2014,Ralph Fiennes,Monsieur Gustave H.,The Grand Budapest Hotel,1.0,0.0,0.0,0.0
2014,Jake Gyllenhaal,"Louis ""Lou"" Bloom",Nightcrawler,1.0,0.0,0.0,0.0
2014,David Oyelowo,Martin Luther King Jr.,Selma,1.0,0.0,0.0,0.0
2014,Eddie Redmayne,Stephen Hawking,The Theory of Everything,1.0,0.0,0.0,0.0
2015,Leonardo DiCaprio,Hugh Glass,The Revenant,1.0,0.0,0.0,0.0
2015,Bryan Cranston,Dalton Trumbo,Trumbo,1.0,0.0,0.0,0.0
2015,Matt Damon,Mark Watney,The Martian,1.0,0.0,0.0,0.0
2015,Johnny Depp,Whitey Bulger,Black Mass,1.0,0.0,0.0,0.0
2015,Michael Fassbender,Steve Jobs,Steve Jobs,1.0,0.0,0.0,0.0
2015,Eddie Redmayne,Lili Elbe / Einar Wegener,The Danish Girl,1.0,0.0,0.0,0.0
2016,Casey Affleck,Lee Chandler,Manchester by the Sea,1.0,0.0,0.0,0.0
2016,Joel Edgerton,Richard Loving,Loving,1.0,0.0,0.0,0.0
2016,Andrew Garfield,Desmond T. Doss,Hacksaw Ridge,1.0,0.0,0.0,0.0
2016,Ryan Gosling,Sebastian Wilder,La La Land,1.0,0.0,0.0,0.0
2016,Tom Hanks,"Captain Chesley ""Sully"" Sullenberger",Sully,1.0,0.0,0.0,0.0
2016,Denzel Washington,Troy Maxson,Fences,1.0,0.0,0.0,0.0
2017,Gary Oldman,Winston Churchill,Darkest Hour,1.0,0.0,0.0,0.0
2017,Timothée Chalamet,Elio Perlman,Call Me by Your Name,1.0,0.0,0.0,0.0
2017,Daniel Day-Lewis,Reynolds Woodcock,Phantom Thread,1.0,0.0,0.0,0.0
2017,James Franco,Tommy Wiseau,The Disaster Artist,1.0,0.0,0.0,0.0
2017,Jake Gyllenhaal,Jeff Bauman,Stronger,1.0,0.0,0.0,0.0
2017,Tom Hanks,Ben Bradlee,The Post,1.0,0.0,0.0,0.0
2017,Daniel Kaluuya,Chris Washington,Get Out,1.0,0.0,0.0,0.0
2018,Christian Bale,Dick Cheney,Vice,1.0,0.0,0.0,0.0
2018,Bradley Cooper,Jackson Maine,A Star Is Born,1.0,0.0,0.0,0.0
2018,Willem Dafoe,Vincent van Gogh,At Eternity's Gate,1.0,0.0,0.0,0.0
2018,Ryan Gosling,Neil Armstrong,First Man,1.0,0.0,0.0,0.0
2018,Ethan Hawke,Reverend Ernst Toller,First Reformed,1.0,0.0,0.0,0.0
2018,Rami Malek,Freddie Mercury,Bohemian Rhapsody,1.0,0.0,0.0,0.0
2018,Viggo Mortensen,"Frank ""Tony Lip"" Vallelonga",Green Book,1.0,0.0,0.0,0.0
2019,Joaquin Phoenix,Arthur Fleck / Joker,Joker,1.0,0.0,0.0,0.0
2019,Antonio Banderas,Salvador Mallo,Pain and Glory,1.0,0.0,0.0,0.0
2019,Robert De Niro,Frank Sheeran,The Irishman,1.0,0.0,0.0,0.0
2019,Leonardo DiCaprio,Rick Dalton,Once Upon a Time in Hollywood,1.0,0.0,0.0,0.0
2019,Adam Driver,Charlie Barber,Marriage Story,1.0,0.0,0.0,0.0
2019,Eddie Murphy,Rudy Ray Moore,Dolemite Is My Name,1.0,0.0,0.0,0.0
2019,Adam Sandler,Howard Ratner,Uncut Gems,1.0,0.0,0.0,0.0
2020,Chadwick Boseman (posthumous),Levee Green,Ma Rainey's Black Bottom,1.0,0.0,0.0,0.0
2020,Ben Affleck,Jack Cunningham,The Way Back,1.0,0.0,0.0,0.0
2020,Riz Ahmed,Ruben Stone,Sound of Metal,1.0,0.0,0.0,0.0
2020,Tom Hanks,Captain Jefferson Kyle Kidd,News of the World,1.0,0.0,0.0,0.0
2020,Anthony Hopkins,Anthony,The Father,1.0,0.0,0.0,0.0
2020,Delroy Lindo,Paul,Da 5 Bloods,1.0,0.0,0.0,0.0
2020,Gary Oldman,Herman J. Mankiewicz,Mank,1.0,0.0,0.0,0.0
2020,Steven Yeun,Jacob Yi,Minari,1.0,0.0,0.0,0.0
2021,Will Smith,Richard Williams,King Richard,1.0,0.0,0.0,0.0
2021,Nicolas Cage,Robin Feld,Pig,1.0,0.0,0.0,0.0
2021,Benedict Cumberbatch,Phil Burbank,The Power of the Dog,1.0,0.0,0.0,0.0
2021,Peter Dinklage,Cyrano de Bergerac,Cyrano,1.0,0.0,0.0,0.0
2021,Andrew Garfield,Jonathan Larson,"tick, tick... BOOM!",1.0,0.0,0.0,0.0
2021,Denzel Washington,Lord Macbeth,The Tragedy of Macbeth,1.0,0.0,0.0,0.0
2022,Brendan Fraser,Charlie,The Whale,1.0,0.0,0.0,0.0
2022,Austin Butler,Elvis Presley,Elvis,1.0,0.0,0.0,0.0
2022,Tom Cruise,"Pete ""Maverick"" Mitchell",Top Gun: Maverick,1.0,0.0,0.0,0.0
2022,Colin Farrell,Pádraic Súilleabháin,The Banshees of Inisherin,1.0,0.0,0.0,0.0
2022,Paul Mescal,Calum,Aftersun,1.0,0.0,0.0,0.0
2022,Bill Nighy,Mr. Williams,Living,1.0,0.0,0.0,0.0
2023,Bradley Cooper,Leonard Bernstein,Maestro,1.0,0.0,0.0,0.0
2023,Leonardo DiCaprio,Ernest Burkhart,Killers of the Flower Moon,1.0,0.0,0.0,0.0
2023,Colman Domingo,Bayard Rustin,Rustin,1.0,0.0,0.0,0.0
2023,Paul Giamatti,Paul Hunham,The Holdovers,1.0,0.0,0.0,0.0
2023,Cillian Murphy,J. Robert Oppenheimer,Oppenheimer,1.0,0.0,0.0,0.0
2023,Jeffrey Wright,"Thelonious ""Monk"" Ellison",American Fiction,1.0,0.0,0.0,0.0
1995,Nicole Kidman,Suzanne Stone-Maretto,To Die For,0.0,1.0,0.0,0.0
1996,Frances McDormand,Marge Gunderson,Fargo,0.0,1.0,0.0,0.0
1997,Helena Bonham Carter,Kate Croy,The Wings of the Dove,0.0,1.0,0.0,0.0
1998,Cate Blanchett,Queen Elizabeth I,Elizabeth,0.0,1.0,0.0,0.0
1999,Hilary Swank,Brandon Teena,Boys Don't Cry,0.0,1.0,0.0,0.0
2000,Julia Roberts,Erin Brockovich,Erin Brockovich,0.0,1.0,0.0,0.0
2001,Sissy Spacek,Ruth Fowler,In the Bedroom,0.0,1.0,0.0,0.0
2001,Nicole Kidman,Satine,Moulin Rouge!,0.0,1.0,0.0,0.0
2001,Renée Zellweger,Bridget Jones,Bridget Jones's Diary,0.0,1.0,0.0,0.0
2002,Julianne Moore,Cathy Whitaker,Far from Heaven,0.0,1.0,0.0,0.0
2002,Salma Hayek,Frida Kahlo,Frida,0.0,1.0,0.0,0.0
2002,Nicole Kidman,Virginia Woolf,The Hours,0.0,1.0,0.0,0.0
2002,Diane Lane,"Constance ""Connie"" Sumner",Unfaithful,0.0,1.0,0.0,0.0
2003,Charlize Theron,Aileen Wuornos,Monster,0.0,1.0,0.0,0.0
2003,Jennifer Connelly,Kathy Nicolo,House of Sand and Fog,0.0,1.0,0.0,0.0
2003,Diane Keaton,Erica Barry,Something's Gotta Give,0.0,1.0,0.0,0.0
2003,Nicole Kidman,Ada Monroe,Cold Mountain,0.0,1.0,0.0,0.0
2003,Samantha Morton,Sarah Sullivan,In America,0.0,1.0,0.0,0.0
2003,Naomi Watts,"Cristina ""Cris"" Peck",21 Grams,0.0,1.0,0.0,0.0
2004,Hilary Swank,"Margaret ""Maggie"" Fitzgerald",Million Dollar Baby,0.0,1.0,0.0,0.0
2004,Annette Bening,Julia Lambert,Being Julia,0.0,1.0,0.0,0.0
2004,Catalina Sandino Moreno,María Álvarez,Maria Full of Grace,0.0,1.0,0.0,0.0
2004,Imelda Staunton,Vera Drake,Vera Drake,0.0,1.0,0.0,0.0
2004,Kate Winslet,Clementine Kruczynski,Eternal Sunshine of the Spotless Mind,0.0,1.0,0.0,0.0
2004,Uma Thurman,Beatrix Kiddo,Kill Bill: Volume 2,0.0,1.0,0.0,0.0
2005,Reese Witherspoon,June Carter Cash,Walk the Line,0.0,1.0,0.0,0.0
2005,Joan Allen,Terry Wolfmeyer,The Upside of Anger,0.0,1.0,0.0,0.0
2005,Judi Dench,Laura Henderson,Mrs Henderson Presents,0.0,1.0,0.0,0.0
2005,Felicity Huffman,"Sabrina ""Bree"" Osbourne",Transamerica,0.0,1.0,0.0,0.0
2005,Keira Knightley,Elizabeth Bennet,Pride & Prejudice,0.0,1.0,0.0,0.0
2005,Charlize Theron,Josey Aimes,North Country,0.0,1.0,0.0,0.0
2006,Helen Mirren,Queen Elizabeth II,The Queen,0.0,1.0,0.0,0.0
2006,Penélope Cruz,Raimunda,Volver,0.0,1.0,0.0,0.0
2006,Judi Dench,Barbara Covett,Notes on a Scandal,0.0,1.0,0.0,0.0
2006,Meryl Streep,Miranda Priestly,The Devil Wears Prada,0.0,1.0,0.0,0.0
2006,Kate Winslet,Sarah Pierce,Little Children,0.0,1.0,0.0,0.0
2007,Julie Christie,Fiona Anderson,Away from Her,0.0,1.0,0.0,0.0
2007,Amy Adams,Princess Giselle,Enchanted,0.0,1.0,0.0,0.0
2007,Cate Blanchett,Queen Elizabeth I,Elizabeth: The Golden Age,0.0,1.0,0.0,0.0
2007,Marion Cotillard,Édith Piaf,La Vie en Rose,0.0,1.0,0.0,0.0
2007,Angelina Jolie,Mariane Pearl,A Mighty Heart,0.0,1.0,0.0,0.0
2007,Elliot Page,Juno MacGuff,Juno,0.0,1.0,0.0,0.0
2008,Anne Hathaway (TIE),Kym Buchman,Rachel Getting Married,0.0,1.0,0.0,0.0
2008,Meryl Streep (TIE),Sister Aloysius Beauvier,Doubt,0.0,1.0,0.0,0.0
2008,Kate Beckinsale,Rachel Armstrong,Nothing but the Truth,0.0,1.0,0.0,0.0
2008,Cate Blanchett,Daisy Fuller (adult),The Curious Case of Benjamin Button,0.0,1.0,0.0,0.0
2008,Angelina Jolie,Christine Collins,Changeling,0.0,1.0,0.0,0.0
2008,Melissa Leo,Ray Eddy,Frozen River,0.0,1.0,0.0,0.0
2009,Sandra Bullock (TIE),Leigh Anne Tuohy,The Blind Side,0.0,1.0,0.0,0.0
2009,Meryl Streep (TIE),Julia Child,Julie & Julia,0.0,1.0,0.0,0.0
2009,Emily Blunt,Queen Victoria,The Young Victoria,0.0,1.0,0.0,0.0
2009,Carey Mulligan,Jenny Miller,An Education,0.0,1.0,0.0,0.0
2009,Saoirse Ronan,Susie Salmon,The Lovely Bones,0.0,1.0,0.0,0.0
2009,Gabourey Sidibe,"Claireece ""Precious"" Jones",Precious,0.0,1.0,0.0,0.0
2010,Natalie Portman,Nina Sayers,Black Swan,0.0,1.0,0.0,0.0
2010,Annette Bening,"Dr. Nicole ""Nic"" Allgood",The Kids Are All Right,0.0,1.0,0.0,0.0
2010,Nicole Kidman,Becca Corbett,Rabbit Hole,0.0,1.0,0.0,0.0
2010,Jennifer Lawrence,Ree Dolly,Winter's Bone,0.0,1.0,0.0,0.0
2010,Noomi Rapace,Lisbeth Salander,The Girl with the Dragon Tattoo,0.0,1.0,0.0,0.0
2010,Michelle Williams,"Cynthia ""Cindy"" Heller",Blue Valentine,0.0,1.0,0.0,0.0
2011,Viola Davis,Aibileen Clark,The Help,0.0,1.0,0.0,0.0
2011,Elizabeth Olsen,Martha,Martha Marcy May Marlene,0.0,1.0,0.0,0.0
2011,Meryl Streep,Margaret Thatcher,The Iron Lady,0.0,1.0,0.0,0.0
2011,Tilda Swinton,Eva Khatchadourian,We Need to Talk About Kevin,0.0,1.0,0.0,0.0
2011,Charlize Theron,Mavis Gary,Young Adult,0.0,1.0,0.0,0.0
2011,Michelle Williams,Marilyn Monroe,My Week with Marilyn,0.0,1.0,0.0,0.0
2012,Jessica Chastain,Maya Harris,Zero Dark Thirty,0.0,1.0,0.0,0.0
2012,Marion Cotillard,Stéphanie,Rust and Bone,0.0,1.0,0.0,0.0
2012,Jennifer Lawrence,Tiffany Maxwell,Silver Linings Playbook,0.0,1.0,0.0,0.0
2012,Emmanuelle Riva,Anne Laurent,Amour,0.0,1.0,0.0,0.0
2012,Quvenzhané Wallis,Hushpuppy,Beasts of the Southern Wild,0.0,1.0,0.0,0.0
2012,Naomi Watts,Maria Bennett,The Impossible,0.0,1.0,0.0,0.0
2013,Cate Blanchett,"Jeanette ""Jasmine"" Francis",Blue Jasmine,0.0,1.0,0.0,0.0
2013,Sandra Bullock,Dr. Ryan Stone,Gravity,0.0,1.0,0.0,0.0
2013,Judi Dench,Philomena Lee,Philomena,0.0,1.0,0.0,0.0
2013,Brie Larson,Grace Howard,Short Term 12,0.0,1.0,0.0,0.0
2013,Meryl Streep,Violet Weston,August: Osage County,0.0,1.0,0.0,0.0
2013,Emma Thompson,P. L. Travers,Saving Mr. Banks,0.0,1.0,0.0,0.0
2014,Julianne Moore,Dr. Alice Howland,Still Alice,0.0,1.0,0.0,0.0
2014,Jennifer Aniston,Claire Bennett,Cake,0.0,1.0,0.0,0.0
2014,Marion Cotillard,Sandra Bya,"Two Days, One Night",0.0,1.0,0.0,0.0
2014,Felicity Jones,Jane Wilde Hawking,The Theory of Everything,0.0,1.0,0.0,0.0
2014,Rosamund Pike,Amy Elliott-Dunne,Gone Girl,0.0,1.0,0.0,0.0
2014,Reese Witherspoon,Cheryl Strayed,Wild,0.0,1.0,0.0,0.0
2015,Brie Larson,"Joy ""Ma"" Newsome",Room,0.0,1.0,0.0,0.0
2015,Cate Blanchett,Carol Aird,Carol,0.0,1.0,0.0,0.0
2015,Jennifer Lawrence,Joy Mangano,Joy,0.0,1.0,0.0,0.0
2015,Charlotte Rampling,Kate Mercer,45 Years,0.0,1.0,0.0,0.0
2015,Saoirse Ronan,Eilis Lacey,Brooklyn,0.0,1.0,0.0,0.0
2015,Charlize Theron,Imperator Furiosa,Mad Max: Fury Road,0.0,1.0,0.0,0.0
2016,Natalie Portman,Jackie Kennedy,Jackie,0.0,1.0,0.0,0.0
2016,Amy Adams,Dr. Louise Banks,Arrival,0.0,1.0,0.0,0.0
2016,Annette Bening,Dorothea Fields,20th Century Women,0.0,1.0,0.0,0.0
2016,Isabelle Huppert,Michèle Leblanc,Elle,0.0,1.0,0.0,0.0
2016,Ruth Negga,Mildred Loving,Loving,0.0,1.0,0.0,0.0
2016,Emma Stone,Mia Dolan,La La Land,0.0,1.0,0.0,0.0
2017,Frances McDormand,Mildred Hayes,"Three Billboards Outside Ebbing, Missouri",0.0,1.0,0.0,0.0
2017,Jessica Chastain,Molly Bloom,Molly's Game,0.0,1.0,0.0,0.0
2017,Sally Hawkins,Elisa Esposito,The Shape of Water,0.0,1.0,0.0,0.0
2017,Margot Robbie,Tonya Harding,"I, Tonya",0.0,1.0,0.0,0.0
2017,Saoirse Ronan,"Christine ""Lady Bird"" McPherson",Lady Bird,0.0,1.0,0.0,0.0
2017,Meryl Streep,Katharine Graham,The Post,0.0,1.0,0.0,0.0
2018,Glenn Close (TIE),Joan Castleman,The Wife,0.0,1.0,0.0,0.0
2018,Lady Gaga (TIE),Ally Maine,A Star Is Born,0.0,1.0,0.0,0.0
2018,Yalitza Aparicio,"Cleodegaria ""Cleo"" Gutiérrez",Roma,0.0,1.0,0.0,0.0
2018,Emily Blunt,Mary Poppins,Mary Poppins Returns,0.0,1.0,0.0,0.0
2018,Toni Collette,Annie Graham,Hereditary,0.0,1.0,0.0,0.0
2018,Olivia Colman,Queen Anne,The Favourite,0.0,1.0,0.0,0.0
2018,Melissa McCarthy,Lee Israel,Can You Ever Forgive Me?,0.0,1.0,0.0,0.0
2019,Renée Zellweger,Judy Garland,Judy,0.0,1.0,0.0,0.0
2019,Awkwafina,Billi Wang,The Farewell,0.0,1.0,0.0,0.0
2019,Cynthia Erivo,Harriet Tubman,Harriet,0.0,1.0,0.0,0.0
2019,Scarlett Johansson,Nicole Barber,Marriage Story,0.0,1.0,0.0,0.0
2019,Lupita Nyong'o,Adelaide Wilson / Red,Us,0.0,1.0,0.0,0.0
2019,Saoirse Ronan,"Josephine ""Jo"" March",Little Women,0.0,1.0,0.0,0.0
2019,Charlize Theron,Megyn Kelly,Bombshell,0.0,1.0,0.0,0.0
2020,Carey Mulligan,"Cassandra ""Cassie"" Thomas",Promising Young Woman,0.0,1.0,0.0,0.0
2020,Viola Davis,Ma Rainey,Ma Rainey's Black Bottom,0.0,1.0,0.0,0.0
2020,Andra Day,Billie Holiday,The United States vs. Billie Holiday,0.0,1.0,0.0,0.0
2020,Sidney Flanigan,Autumn Callahan,Never Rarely Sometimes Always,0.0,1.0,0.0,0.0
2020,Vanessa Kirby,Martha Weiss,Pieces of a Woman,0.0,1.0,0.0,0.0
2020,Frances McDormand,Fern,Nomadland,0.0,1.0,0.0,0.0
2020,Zendaya,Marie Jones,Malcolm & Marie,0.0,1.0,0.0,0.0
2021,Jessica Chastain,Tammy Faye Bakker,The Eyes of Tammy Faye,0.0,1.0,0.0,0.0
2021,Olivia Colman,Leda Caruso,The Lost Daughter,0.0,1.0,0.0,0.0
2021,Lady Gaga,Patrizia Reggiani,House of Gucci,0.0,1.0,0.0,0.0
2021,Alana Haim,Alana Kane,Licorice Pizza,0.0,1.0,0.0,0.0
2021,Nicole Kidman,Lucille Ball,Being the Ricardos,0.0,1.0,0.0,0.0
2021,Kristen Stewart,Princess Diana,Spencer,0.0,1.0,0.0,0.0
2022,Cate Blanchett,Lydia Tár,Tár,0.0,1.0,0.0,0.0
2022,Viola Davis,General Nanisca,The Woman King,0.0,1.0,0.0,0.0
2022,Danielle Deadwyler,Mamie Till,Till,0.0,1.0,0.0,0.0
2022,Margot Robbie,Nellie LaRoy,Babylon,0.0,1.0,0.0,0.0
2022,Michelle Williams,Mitzi Fabelman,The Fabelmans,0.0,1.0,0.0,0.0
2022,Michelle Yeoh,Evelyn Wang,Everything Everywhere All at Once,0.0,1.0,0.0,0.0
2023,Lily Gladstone,Mollie Kyle,Killers of the Flower Moon,0.0,1.0,0.0,0.0
2023,Sandra Hüller,Sandra Voyter,Anatomy of a Fall,0.0,1.0,0.0,0.0
2023,Greta Lee,Nora Moon / Moon Na-Young,Past Lives,0.0,1.0,0.0,0.0
2023,Carey Mulligan,Felicia Montealegre Bernstein,Maestro,0.0,1.0,0.0,0.0
2023,Margot Robbie,Barbie,Barbie,0.0,1.0,0.0,0.0
2023,Emma Stone,Bella Baxter,Poor Things,0.0,1.0,0.0,0.0
1995,Ed Harris (TIE),Gene Kranz,Apollo 13,0.0,0.0,1.0,0.0
1995,Kevin Spacey (TIE),"Roger ""Verbal"" Kint / Keyser Söze",The Usual Suspects,0.0,0.0,1.0,0.0
1996,Cuba Gooding Jr.,"Rodney ""Rod"" Tidwell",Jerry Maguire,0.0,0.0,1.0,0.0
1997,Anthony Hopkins,John Quincy Adams,Amistad,0.0,0.0,1.0,0.0
1998,Billy Bob Thornton,Jacob Mitchell,A Simple Plan,0.0,0.0,1.0,0.0
1999,Michael Clarke Duncan,John Coffey,The Green Mile,0.0,0.0,1.0,0.0
2000,Joaquin Phoenix,Commodus / Abbé du Coulmier / Willie Gutierrez,Gladiator / Quills / The Yards,0.0,0.0,1.0,0.0
2001,Ben Kingsley,Don Logan,Sexy Beast,0.0,0.0,1.0,0.0
2001,Jim Broadbent,John Bayley,Iris,0.0,0.0,1.0,0.0
2001,Jon Voight,Howard Cosell,Ali,0.0,0.0,1.0,0.0
2002,Chris Cooper,John Laroche,Adaptation.,0.0,0.0,1.0,0.0
2002,Alfred Molina,Diego Rivera,Frida,0.0,0.0,1.0,0.0
2002,Paul Newman,John Rooney,Road to Perdition,0.0,0.0,1.0,0.0
2003,Tim Robbins,Dave Boyle,Mystic River,0.0,0.0,1.0,0.0
2003,Alec Baldwin,Shelly Kaplow,The Cooler,0.0,0.0,1.0,0.0
2003,Paul Bettany,Dr. Stephen Marturin,Master and Commander: The Far Side of the World,0.0,0.0,1.0,0.0
2003,Benicio del Toro,Jack Jordan,21 Grams,0.0,0.0,1.0,0.0
2003,Ken Watanabe,Lord Moritsugu Katsumoto,The Last Samurai,0.0,0.0,1.0,0.0
2004,Thomas Haden Church,Jack Cole,Sideways,0.0,0.0,1.0,0.0
2004,Jamie Foxx,Max Durocher,Collateral,0.0,0.0,1.0,0.0
2004,Morgan Freeman,"Eddie ""Scrap Iron"" Dupris",Million Dollar Baby,0.0,0.0,1.0,0.0
2004,Clive Owen,Larry Gray,Closer,0.0,0.0,1.0,0.0
2004,Peter Sarsgaard,Clyde Martin,Kinsey,0.0,0.0,1.0,0.0
2005,Paul Giamatti,Joe Gould,Cinderella Man,0.0,0.0,1.0,0.0
2005,Matt Dillon,Sgt. John Ryan,Crash,0.0,0.0,1.0,0.0
2005,Terrence Howard,Cameron Thayer,Crash,0.0,0.0,1.0,0.0
2005,George Clooney,Bob Barnes,Syriana,0.0,0.0,1.0,0.0
2005,Kevin Costner,Denny Davies,The Upside of Anger,0.0,0.0,1.0,0.0
2005,Jake Gyllenhaal,Jack Twist,Brokeback Mountain,0.0,0.0,1.0,0.0
2006,Eddie Murphy,"James ""Thunder"" Early",Dreamgirls,0.0,0.0,1.0,0.0
2006,Ben Affleck,George Reeves,Hollywoodland,0.0,0.0,1.0,0.0
2006,Alan Arkin,Edwin Hoover,Little Miss Sunshine,0.0,0.0,1.0,0.0
2006,Adam Beach,Ira Hayes,Flags of Our Fathers,0.0,0.0,1.0,0.0
2006,Djimon Hounsou,Solomon Vandy,Blood Diamond,0.0,0.0,1.0,0.0
2006,Jack Nicholson,"Francis ""Frank"" Costello",The Departed,0.0,0.0,1.0,0.0
2007,Javier Bardem,Anton Chigurh,No Country for Old Men,0.0,0.0,1.0,0.0
2007,Casey Affleck,Robert Ford,The Assassination of Jesse James by the Coward Robert Ford,0.0,0.0,1.0,0.0
2007,Philip Seymour Hoffman,Gust Avrakotos,Charlie Wilson's War,0.0,0.0,1.0,0.0
2007,Hal Holbrook,Ron Franz,Into the Wild,0.0,0.0,1.0,0.0
2007,Tom Wilkinson,Arthur Edens,Michael Clayton,0.0,0.0,1.0,0.0
2008,Heath Ledger (posthumously),Joker,The Dark Knight,0.0,0.0,1.0,0.0
2008,Josh Brolin,Dan White,Milk,0.0,0.0,1.0,0.0
2008,James Franco,Scott Smith,Milk,0.0,0.0,1.0,0.0
2008,Robert Downey Jr.,Kirk Lazarus,Tropic Thunder,0.0,0.0,1.0,0.0
2008,Philip Seymour Hoffman,Father Brendan Flynn,Doubt,0.0,0.0,1.0,0.0
2009,Christoph Waltz,Col. Hans Landa,Inglourious Basterds,0.0,0.0,1.0,0.0
2009,Matt Damon,Francois Pienaar,Invictus,0.0,0.0,1.0,0.0
2009,Woody Harrelson,Cpt. Tony Stone,The Messenger,0.0,0.0,1.0,0.0
2009,Christian McKay,Orson Welles,Me and Orson Welles,0.0,0.0,1.0,0.0
2009,Alfred Molina,Jack Mellor,An Education,0.0,0.0,1.0,0.0
2009,Stanley Tucci,George Harvey,The Lovely Bones,0.0,0.0,1.0,0.0
2010,Christian Bale,"Richard ""Dicky"" Eklund Jr.",The Fighter,0.0,0.0,1.0,0.0
2010,Andrew Garfield,Eduardo Saverin,The Social Network,0.0,0.0,1.0,0.0
2010,Jeremy Renner,"James ""Jem"" Coughlin",The Town,0.0,0.0,1.0,0.0
2010,Sam Rockwell,Kenny Waters,Conviction,0.0,0.0,1.0,0.0
2010,Mark Ruffalo,Paul Hatfield,The Kids Are All Right,0.0,0.0,1.0,0.0
2010,Geoffrey Rush,Lionel Logue,The King's Speech,0.0,0.0,1.0,0.0
2011,Christopher Plummer,Hal Fields,Beginners,0.0,0.0,1.0,0.0
2011,Kenneth Branagh,Laurence Olivier,My Week with Marilyn,0.0,0.0,1.0,0.0
2011,Albert Brooks,Bernie Rose,Drive,0.0,0.0,1.0,0.0
2011,Nick Nolte,Paddy Conlon,Warrior,0.0,0.0,1.0,0.0
2011,Patton Oswalt,Matt Freehauf,Young Adult,0.0,0.0,1.0,0.0
2011,Andy Serkis,Caesar,Rise of the Planet of the Apes,0.0,0.0,1.0,0.0
2012,Philip Seymour Hoffman,Lancaster Dodd,The Master,0.0,0.0,1.0,0.0
2012,Alan Arkin,Lester Siegel,Argo,0.0,0.0,1.0,0.0
2012,Javier Bardem,Raoul Silva,Skyfall,0.0,0.0,1.0,0.0
2012,Robert De Niro,"Patrizio ""Pat"" Solitano, Sr.",Silver Linings Playbook,0.0,0.0,1.0,0.0
2012,Tommy Lee Jones,Thaddeus Stevens,Lincoln,0.0,0.0,1.0,0.0
2012,Matthew McConaughey,Dallas,Magic Mike,0.0,0.0,1.0,0.0
2013,Jared Leto,Rayon,Dallas Buyers Club,0.0,0.0,1.0,0.0
2013,Barkhad Abdi,Abduwali Muse,Captain Phillips,0.0,0.0,1.0,0.0
2013,Daniel Brühl,Niki Lauda,Rush,0.0,0.0,1.0,0.0
2013,Bradley Cooper,"FBI Agent Richard ""Richie"" DiMaso",American Hustle,0.0,0.0,1.0,0.0
2013,Michael Fassbender,Edwin Epps,12 Years a Slave,0.0,0.0,1.0,0.0
2013,James Gandolfini,Albert,Enough Said,0.0,0.0,1.0,0.0
2014,J. K. Simmons,Terence Fletcher,Whiplash,0.0,0.0,1.0,0.0
2014,Josh Brolin,"Lt. Det. Christian F. ""Bigfoot"" Bjornsen",Inherent Vice,0.0,0.0,1.0,0.0
2014,Robert Duvall,Judge Joseph Palmer,The Judge,0.0,0.0,1.0,0.0
2014,Ethan Hawke,Mason Evans Sr.,Boyhood,0.0,0.0,1.0,0.0
2014,Edward Norton,Mike Shiner,Birdman,0.0,0.0,1.0,0.0
2014,Mark Ruffalo,Dave Schultz,Foxcatcher,0.0,0.0,1.0,0.0
2015,Sylvester Stallone,Rocky Balboa,Creed,0.0,0.0,1.0,0.0
2015,Paul Dano,Brian Wilson,Love & Mercy,0.0,0.0,1.0,0.0
2015,Tom Hardy,John Fitzgerald,The Revenant,0.0,0.0,1.0,0.0
2015,Mark Ruffalo,Michael Rezendes,Spotlight,0.0,0.0,1.0,0.0
2015,Mark Rylance,Rudolf Abel,Bridge of Spies,0.0,0.0,1.0,0.0
2015,Michael Shannon,Rick Carver,99 Homes,0.0,0.0,1.0,0.0
2016,Mahershala Ali,Juan,Moonlight,0.0,0.0,1.0,0.0
2016,Jeff Bridges,Marcus Hamilton,Hell or High Water,0.0,0.0,1.0,0.0
2016,Ben Foster,Tanner Howard,Hell or High Water,0.0,0.0,1.0,0.0
2016,Lucas Hedges,Patrick Chandler,Manchester by the Sea,0.0,0.0,1.0,0.0
2016,Dev Patel,Saroo Brierley,Lion,0.0,0.0,1.0,0.0
2016,Michael Shannon,Detective Bobby Andes,Nocturnal Animals,0.0,0.0,1.0,0.0
2017,Sam Rockwell,Officer Jason Dixon,"Three Billboards Outside Ebbing, Missouri",0.0,0.0,1.0,0.0
2017,Armie Hammer,Oliver,Call Me by Your Name,0.0,0.0,1.0,0.0
2017,Michael Stuhlbarg,Mr. Perlman,Call Me by Your Name,0.0,0.0,1.0,0.0
2017,Willem Dafoe,Bobby Hicks,The Florida Project,0.0,0.0,1.0,0.0
2017,Richard Jenkins,Giles,The Shape of Water,0.0,0.0,1.0,0.0
2017,Patrick Stewart,Professor Charles Xavier,Logan,0.0,0.0,1.0,0.0
2018,Mahershala Ali,Don Shirley,Green Book,0.0,0.0,1.0,0.0
2018,Timothée Chalamet,Nic Sheff,Beautiful Boy,0.0,0.0,1.0,0.0
2018,Adam Driver,Flip Zimmerman,BlacKkKlansman,0.0,0.0,1.0,0.0
2018,Sam Elliott,Bobby Maine,A Star Is Born,0.0,0.0,1.0,0.0
2018,Richard E. Grant,Jack Hock,Can You Ever Forgive Me?,0.0,0.0,1.0,0.0
2018,Michael B. Jordan,"N'Jadaka / Erik ""Killmonger"" Stevens",Black Panther,0.0,0.0,1.0,0.0
2019,Brad Pitt,Cliff Booth,Once Upon a Time in Hollywood,0.0,0.0,1.0,0.0
2019,Al Pacino,Jimmy Hoffa,The Irishman,0.0,0.0,1.0,0.0
2019,Joe Pesci,Russell Bufalino,The Irishman,0.0,0.0,1.0,0.0
2019,Willem Dafoe,Thomas Wake,The Lighthouse,0.0,0.0,1.0,0.0
2019,Tom Hanks,Fred Rogers,A Beautiful Day in the Neighborhood,0.0,0.0,1.0,0.0
2019,Anthony Hopkins,Pope Benedict XVI,The Two Popes,0.0,0.0,1.0,0.0
2020,Daniel Kaluuya,Fred Hampton,Judas and the Black Messiah,0.0,0.0,1.0,0.0
2020,Sacha Baron Cohen,Abbie Hoffman,The Trial of the Chicago 7,0.0,0.0,1.0,0.0
2020,Chadwick Boseman,"""Stormin'"" Norman Earl Holloway",Da 5 Bloods,0.0,0.0,1.0,0.0
2020,Bill Murray,Felix Keane,On the Rocks,0.0,0.0,1.0,0.0
2020,Leslie Odom Jr.,Sam Cooke,One Night in Miami...,0.0,0.0,1.0,0.0
2020,Paul Raci,Joe,Sound of Metal,0.0,0.0,1.0,0.0
2021,Troy Kotsur,Frank Rossi,CODA,0.0,0.0,1.0,0.0
2021,Jamie Dornan,Pa,Belfast,0.0,0.0,1.0,0.0
2021,Ciarán Hinds,Pop,Belfast,0.0,0.0,1.0,0.0
2021,Jared Leto,Paolo Gucci,House of Gucci,0.0,0.0,1.0,0.0
2021,J. K. Simmons,William Frawley,Being the Ricardos,0.0,0.0,1.0,0.0
2021,Kodi Smit-McPhee,Peter Gordon,The Power of the Dog,0.0,0.0,1.0,0.0
2022,Ke Huy Quan,Waymond Wang,Everything Everywhere All at Once,0.0,0.0,1.0,0.0
2022,Judd Hirsch,Boris Podgorny,The Fabelmans,0.0,0.0,1.0,0.0
2022,Paul Dano,Burt Fabelman,The Fabelmans,0.0,0.0,1.0,0.0
2022,Brendan Gleeson,Colm Doherty,The Banshees of Inisherin,0.0,0.0,1.0,0.0
2022,Barry Keoghan,Dominic Kearney,The Banshees of Inisherin,0.0,0.0,1.0,0.0
2022,Brian Tyree Henry,James,Causeway,0.0,0.0,1.0,0.0
2023,Sterling K. Brown,"Clifford ""Cliff"" Ellison",American Fiction,0.0,0.0,1.0,0.0
2023,Robert De Niro,William King Hale,Killers of the Flower Moon,0.0,0.0,1.0,0.0
2023,Robert Downey Jr.,Lewis Strauss,Oppenheimer,0.0,0.0,1.0,0.0
2023,Ryan Gosling,Ken,Barbie,0.0,0.0,1.0,0.0
2023,Charles Melton,Joe Yoo,May December,0.0,0.0,1.0,0.0
2023,Mark Ruffalo,Duncan Wedderburn,Poor Things,0.0,0.0,1.0,0.0
1995,Mira Sorvino,Linda Ash,Mighty Aphrodite,0.0,0.0,0.0,1.0
1996,Joan Allen,Elizabeth Proctor,The Crucible,0.0,0.0,0.0,1.0
1997,Joan Cusack,Emily Montgomery,In & Out,0.0,0.0,0.0,1.0
1998,Joan Allen (TIE),Betty Parker,Pleasantville,0.0,0.0,0.0,1.0
1998,Kathy Bates (TIE),Libby Holden,Primary Colors,0.0,0.0,0.0,1.0
1999,Angelina Jolie,Lisa Rowe,"Girl, Interrupted",0.0,0.0,0.0,1.0
2000,Frances McDormand,,Almost Famous / Wonder Boys,0.0,0.0,0.0,1.0
2001,Jennifer Connelly,,A Beautiful Mind,0.0,0.0,0.0,1.0
2001,Cameron Diaz,,Vanilla Sky,0.0,0.0,0.0,1.0
2001,Marisa Tomei,,In the Bedroom,0.0,0.0,0.0,1.0
2002,Catherine Zeta-Jones,,Chicago,0.0,0.0,0.0,1.0
2002,Kathy Bates,,About Schmidt,0.0,0.0,0.0,1.0
2002,Meryl Streep,,Adaptation.,0.0,0.0,0.0,1.0
2003,Renée Zellweger,,Cold Mountain,0.0,0.0,0.0,1.0
2003,Patricia Clarkson,,Pieces of April,0.0,0.0,0.0,1.0
2003,Marcia Gay Harden,,Mystic River,0.0,0.0,0.0,1.0
2003,Holly Hunter,,Thirteen,0.0,0.0,0.0,1.0
2003,Scarlett Johansson,,Lost in Translation,0.0,0.0,0.0,1.0
2004,Virginia Madsen,,Sideways,0.0,0.0,0.0,1.0
2004,Cate Blanchett,,The Aviator,0.0,0.0,0.0,1.0
2004,Laura Linney,,Kinsey,0.0,0.0,0.0,1.0
2004,Natalie Portman,,Closer,0.0,0.0,0.0,1.0
2004,Kate Winslet,,Finding Neverland,0.0,0.0,0.0,1.0
2005,Amy Adams (TIE),,Junebug,0.0,0.0,0.0,1.0
2005,Michelle Williams (TIE),,Brokeback Mountain,0.0,0.0,0.0,1.0
2005,Maria Bello,,A History of Violence,0.0,0.0,0.0,1.0
2005,Catherine Keener,,Capote,0.0,0.0,0.0,1.0
2005,Frances McDormand,,North Country,0.0,0.0,0.0,1.0
2005,Rachel Weisz,,The Constant Gardener,0.0,0.0,0.0,1.0
2006,Jennifer Hudson,,Dreamgirls,0.0,0.0,0.0,1.0
2006,Adriana Barraza,,Babel,0.0,0.0,0.0,1.0
2006,Rinko Kikuchi,,Babel,0.0,0.0,0.0,1.0
2006,Cate Blanchett,,Notes on a Scandal,0.0,0.0,0.0,1.0
2006,Catherine O'Hara,,For Your Consideration,0.0,0.0,0.0,1.0
2006,Emma Thompson,,Stranger than Fiction,0.0,0.0,0.0,1.0
2007,Amy Ryan,,Gone Baby Gone,0.0,0.0,0.0,1.0
2007,Cate Blanchett,,I'm Not There,0.0,0.0,0.0,1.0
2007,Catherine Keener,,Into the Wild,0.0,0.0,0.0,1.0
2007,Vanessa Redgrave,,Atonement,0.0,0.0,0.0,1.0
2007,Tilda Swinton,,Michael Clayton,0.0,0.0,0.0,1.0
2008,Kate Winslet,,The Reader,0.0,0.0,0.0,1.0
2008,Penélope Cruz,,Vicky Cristina Barcelona,0.0,0.0,0.0,1.0
2008,Viola Davis,,Doubt,0.0,0.0,0.0,1.0
2008,Vera Farmiga,,Nothing but the Truth,0.0,0.0,0.0,1.0
2008,Taraji P. Henson,,The Curious Case of Benjamin Button,0.0,0.0,0.0,1.0
2008,Marisa Tomei,,The Wrestler,0.0,0.0,0.0,1.0
2009,Mo'Nique,,Precious,0.0,0.0,0.0,1.0
2009,Vera Farmiga,,Up in the Air,0.0,0.0,0.0,1.0
2009,Anna Kendrick,,Up in the Air,0.0,0.0,0.0,1.0
2009,Marion Cotillard,,Nine,0.0,0.0,0.0,1.0
2009,Julianne Moore,,A Single Man,0.0,0.0,0.0,1.0
2009,Samantha Morton,,The Messenger,0.0,0.0,0.0,1.0
2010,Melissa Leo,Alice Eklund-Ward,The Fighter,0.0,0.0,0.0,1.0
2010,Helena Bonham Carter,Queen Elizabeth,The King's Speech,0.0,0.0,0.0,1.0
2010,Mila Kunis,Lily,Black Swan,0.0,0.0,0.0,1.0
2010,Amy Adams,Charlene Fleming,The Fighter,0.0,0.0,0.0,1.0
2010,Hailee Steinfeld,Mattie Ross,True Grit,0.0,0.0,0.0,1.0
2010,Jacki Weaver,"Janine ""Smurf"" Cody",Animal Kingdom,0.0,0.0,0.0,1.0
2011,Octavia Spencer,Minny Jackson,The Help,0.0,0.0,0.0,1.0
2011,Jessica Chastain,Celia Foote,The Help,0.0,0.0,0.0,1.0
2011,Bérénice Bejo,Peppy Miller,The Artist,0.0,0.0,0.0,1.0
2011,Carey Mulligan,Sissy Sullivan,Shame,0.0,0.0,0.0,1.0
2011,Melissa McCarthy,Megan Price,Bridesmaids,0.0,0.0,0.0,1.0
2011,Shailene Woodley,"Alexandra ""Alex"" King",The Descendants,0.0,0.0,0.0,1.0
2012,Anne Hathaway,Fantine,Les Misérables,0.0,0.0,0.0,1.0
2012,Amy Adams,Peggy Dodd,The Master,0.0,0.0,0.0,1.0
2012,Judi Dench,M,Skyfall,0.0,0.0,0.0,1.0
2012,Ann Dowd,Sandra,Compliance,0.0,0.0,0.0,1.0
2012,Sally Field,Mary Todd Lincoln,Lincoln,0.0,0.0,0.0,1.0
2012,Helen Hunt,Cheryl Cohen-Greene,The Sessions,0.0,0.0,0.0,1.0
2013,Lupita Nyong'o,Patsey,12 Years a Slave,0.0,0.0,0.0,1.0
2013,Scarlett Johansson,Samantha (voice),Her,0.0,0.0,0.0,1.0
2013,Jennifer Lawrence,Rosalyn Rosenfeld,American Hustle,0.0,0.0,0.0,1.0
2013,Julia Roberts,Barbara Weston-Fordham,August: Osage County,0.0,0.0,0.0,1.0
2013,June Squibb,Kate Grant,Nebraska,0.0,0.0,0.0,1.0
2013,Oprah Winfrey,Gloria Gaines,The Butler,0.0,0.0,0.0,1.0
2014,Patricia Arquette,Olivia Evans,Boyhood,0.0,0.0,0.0,1.0
2014,Jessica Chastain,Anna Morales,A Most Violent Year,0.0,0.0,0.0,1.0
2014,Keira Knightley,Joan Clarke,The Imitation Game,0.0,0.0,0.0,1.0
2014,Emma Stone,Sam Thomson,Birdman,0.0,0.0,0.0,1.0
2014,Meryl Streep,The Witch,Into the Woods,0.0,0.0,0.0,1.0
2014,Tilda Swinton,Minister Mason,Snowpiercer,0.0,0.0,0.0,1.0
2015,Alicia Vikander,Gerda Wegener,The Danish Girl,0.0,0.0,0.0,1.0
2015,Jennifer Jason Leigh,Daisy Domergue,The Hateful Eight,0.0,0.0,0.0,1.0
2015,Rooney Mara,Therese Belivet,Carol,0.0,0.0,0.0,1.0
2015,Rachel McAdams,Sacha Pfeiffer,Spotlight,0.0,0.0,0.0,1.0
2015,Helen Mirren,Hedda Hopper,Trumbo,0.0,0.0,0.0,1.0
2015,Kate Winslet,Joanna Hoffman,Steve Jobs,0.0,0.0,0.0,1.0
2016,Viola Davis,Rose Maxson,Fences,0.0,0.0,0.0,1.0
2016,Greta Gerwig,"Abigail ""Abbie"" Porter",20th Century Women,0.0,0.0,0.0,1.0
2016,Naomie Harris,Paula,Moonlight,0.0,0.0,0.0,1.0
2016,Nicole Kidman,Sue Brierley,Lion,0.0,0.0,0.0,1.0
2016,Janelle Monáe,Mary Jackson,Hidden Figures,0.0,0.0,0.0,1.0
2016,Michelle Williams,Randi Chandler,Manchester by the Sea,0.0,0.0,0.0,1.0
2017,Allison Janney,LaVona Golden,"I, Tonya",0.0,0.0,0.0,1.0
2017,Mary J. Blige,Florence Jackson,Mudbound,0.0,0.0,0.0,1.0
2017,Hong Chau,Ngoc Lan Tran,Downsizing,0.0,0.0,0.0,1.0
2017,Tiffany Haddish,Dina,Girls Trip,0.0,0.0,0.0,1.0
2017,Holly Hunter,Beth Gardner,The Big Sick,0.0,0.0,0.0,1.0
2017,Laurie Metcalf,Marion McPherson,Lady Bird,0.0,0.0,0.0,1.0
2017,Octavia Spencer,Zelda Delilah Fuller,The Shape of Water,0.0,0.0,0.0,1.0
2018,Regina King,Sharon Rivers,If Beale Street Could Talk,0.0,0.0,0.0,1.0
2018,Emma Stone,Abigail Masham,The Favourite,0.0,0.0,0.0,1.0
2018,Rachel Weisz,Sarah Churchill,The Favourite,0.0,0.0,0.0,1.0
2018,Amy Adams,Lynne Cheney,Vice,0.0,0.0,0.0,1.0
2018,Claire Foy,Janet Armstrong,First Man,0.0,0.0,0.0,1.0
2018,Nicole Kidman,Nancy Eamons,Boy Erased,0.0,0.0,0.0,1.0
2019,Laura Dern,Nora Fanshaw,Marriage Story,0.0,0.0,0.0,1.0
2019,Scarlett Johansson,Rosie Betzler,Jojo Rabbit,0.0,0.0,0.0,1.0
2019,Jennifer Lopez,Ramona Vega,Hustlers,0.0,0.0,0.0,1.0
2019,Florence Pugh,Amy March,Little Women,0.0,0.0,0.0,1.0
2019,Margot Robbie,Kayla Pospisil,Bombshell,0.0,0.0,0.0,1.0
2019,Zhao Shu-zhen,Nai Nai,The Farewell,0.0,0.0,0.0,1.0
2020,Maria Bakalova,Tutar Sagdiyev,Borat Subsequent Moviefilm,0.0,0.0,0.0,1.0
2020,Ellen Burstyn,Elizabeth Weiss,Pieces of a Woman,0.0,0.0,0.0,1.0
2020,Glenn Close,"Bonnie ""Mamaw"" Vance",Hillbilly Elegy,0.0,0.0,0.0,1.0
2020,Amanda Seyfried,Marion Davies,Mank,0.0,0.0,0.0,1.0
2020,Olivia Colman,Anne,The Father,0.0,0.0,0.0,1.0
2020,Youn Yuh-jung,Soon-ja,Minari,0.0,0.0,0.0,1.0
2021,Ariana DeBose,Anita,West Side Story,0.0,0.0,0.0,1.0
2021,Caitríona Balfe,Ma,Belfast,0.0,0.0,0.0,1.0
2021,Kirsten Dunst,Rose Gordon,The Power of the Dog,0.0,0.0,0.0,1.0
2021,Ann Dowd,Linda,Mass,0.0,0.0,0.0,1.0
2021,Aunjanue Ellis,"Oracene ""Brandy"" Price",King Richard,0.0,0.0,0.0,1.0
2021,Rita Moreno,Valentina,West Side Story,0.0,0.0,0.0,1.0
2022,Angela Bassett,Queen Ramonda,Black Panther: Wakanda Forever,0.0,0.0,0.0,1.0
2022,Jessie Buckley,Mariche,Women Talking,0.0,0.0,0.0,1.0
2022,Kerry Condon,Siobhán Súilleabháin,The Banshees of Inisherin,0.0,0.0,0.0,1.0
2022,Jamie Lee Curtis,Deirdre Beaubeirdre,Everything Everywhere All at Once,0.0,0.0,0.0,1.0
2022,Stephanie Hsu,Joy Wang / Jobu Tupaki,Everything Everywhere All at Once,0.0,0.0,0.0,1.0
2022,Janelle Monáe,"Cassandra ""Andi"" Brand / Helen Brand",Glass Onion: A Knives Out Mystery,0.0,0.0,0.0,1.0
2023,Emily Blunt,"Katherine ""Kitty"" Oppenheimer",Oppenheimer,0.0,0.0,0.0,1.0
2023,Danielle Brooks,Sofia Johnson,The Color Purple,0.0,0.0,0.0,1.0
2023,America Ferrera,Gloria,Barbie,0.0,0.0,0.0,1.0
2023,Jodie Foster,Bonnie Stoll,Nyad,0.0,0.0,0.0,1.0
2023,Julianne Moore,Gracie Atherton-Yoo,May December,0.0,0.0,0.0,1.0
2023,Da'Vine Joy Randolph,Mary Lamb,The Holdovers,0.0,0.0,0.0,1.0
