Actor Name,Popularity (%),Fame (%)
Morgan Freeman,98,86
Betty White,95,83
Robin Williams,96,83
Michael J. Fox,96,81
Denzel Washington,97,79
Keanu Reeves,95,79
Harrison Ford,95,78
Samuel L. Jackson,96,78
Sandra Bullock,94,77
Danny DeVito,95,75
Clint Eastwood,95,74
Tom Hanks,95,74
Ryan Reynolds,93,73
Anthony Hopkins,90,73
Al Pacino,93,73
James Earl Jones,90,73
Jack Nicholson,93,72
Bruce Willis,94,72
Sean Connery,91,72
Jackie Chan,97,72
Bruce Lee,97,72
Dustin Hoffman,90,71
Robert Downey Jr.,96,71
Matthew McConaughey,93,71
Julia Roberts,94,71
Matt Damon,94,71
Michael Keaton,92,71
Liam Neeson,90,70
Mark Wahlberg,93,70
Katharine Hepburn,88,70
Patrick Swayze,90,70
Steve Martin,90,70
Nicolas Cage,95,70
Dick Van Dyke,88,70
Robert De Niro,94,70
Christopher Walken,87,70
Leonardo DiCaprio,98,70
Audrey Hepburn,88,70
Tommy Lee Jones,90,69
Brad Pitt,96,69
Lucille Ball,91,69
Reese Witherspoon,93,69
Eddie Murphy,95,69
Jennifer Aniston,95,69
Forest Whitaker,87,69
Kathy Bates,88,69
Jeff Bridges,87,69
Kurt Russell,87,68
Laurence Fishburne,86,68
Tom Selleck,88,68
Danny Glover,89,68
Halle Berry,93,68
Jim Carrey,98,68
Judy Garland,88,68
Kevin Bacon,92,68
Paul Newman,85,68
Dwayne Johnson,95,68
Sally Field,83,68
Hugh Jackman,90,68
Carol Burnett,87,68
Sylvester Stallone,95,68
Michael Caine,86,68
Bill Murray,93,67
Antonio Banderas,88,67
Salma Hayek,87,67
Adam Sandler,94,67
Dan Aykroyd,88,67
Marilyn Monroe,97,67
Jennifer Garner,89,67
George Clooney,96,67
Andy Griffith,87,67
Vin Diesel,94,67
Donald Sutherland,85,67
Kevin Costner,92,67
Gene Wilder,85,66
John Goodman,89,66
Patrick Stewart,88,66
Meryl Streep,92,66
Beatrice Arthur,87,66
Sam Elliott,85,66
Julie Andrews,88,66
Michelle Pfeiffer,91,66
Chevy Chase,91,66
Sidney Poitier,82,66
Mary Tyler Moore,89,66
Marlon Brando,87,66
John Ritter,84,66
Gene Hackman,85,65
Kate Winslet,89,65
Kate Hudson,90,65
Grace Kelly,83,65
Nicole Kidman,94,65
Bette Davis,86,65
Goldie Hawn,86,65
Jennifer Lawrence,92,65
Jamie Lee Curtis,91,65
Anne Hathaway,90,65
Natalie Portman,89,65
Joe Pesci,85,65
Sigourney Weaver,86,65
Woody Harrelson,85,65
Scarlett Johansson,92,65
Ben Stiller,92,65
Chuck Norris,96,65
Olivia Newton-John,87,64
Emma Watson,90,64
Kirk Douglas,85,64
Henry Winkler,86,64
Will Ferrell,94,64
Johnny Depp,98,64
Winona Ryder,87,64
Pierce Brosnan,90,64
Mr. T,92,64
Ryan Gosling,91,64
Terry Crews,84,64
Sofía Vergara,84,64
Jamie Foxx,95,64
Bradley Cooper,86,64
Christina Applegate,89,64
Jodie Foster,92,64
Charlie Chaplin,93,63
Jason Momoa,88,63
Sophia Loren,84,63
Billy Crystal,85,63
Vince Vaughn,89,63
Shirley Temple,91,63
John Travolta,92,63
Kevin Hart,90,63
Christopher Lloyd,85,63
Diane Keaton,88,63
William Shatner,87,63
Leonard Nimoy,81,63
Meg Ryan,86,63
Martin Short,86,63
Elizabeth Montgomery,80,63
Drew Barrymore,90,62
Steve McQueen,83,62
Brendan Fraser,84,62
Heath Ledger,88,62
Helen Hunt,85,62
Catherine Zeta-Jones,84,62
Dennis Quaid,89,62
Doris Roberts,82,62
Adam West,87,62
Jim Belushi,87,62
Demi Moore,91,62
Cameron Diaz,93,62
Burt Reynolds,88,62
Angelina Jolie,95,62
Jeff Goldblum,84,62
Emma Stone,89,62
Jack Black,89,62
Jason Bateman,84,62
Tim Allen,92,61
Carrie Fisher,86,61
Eva Longoria,89,61
Richard Pryor,84,61
Uma Thurman,88,61
Kiefer Sutherland,88,61
Steve Carell,86,61
John Candy,84,61
Richard Gere,88,61
Ted Danson,86,61
Richard Dreyfuss,84,61
Leslie Nielsen,82,61
Farrah Fawcett,87,61
Russell Crowe,89,61
Doris Day,83,61
Ben Affleck,95,61
Robert Duvall,82,61
Anjelica Huston,78,61
Lucy Liu,85,61
Don Knotts,81,61
Michael Douglas,86,60
Tobey Maguire,88,60
Val Kilmer,85,60
Neil Patrick Harris,87,60
Christopher Reeve,89,60
Chris Rock,94,60
Jennifer Love Hewitt,88,60
Martin Sheen,87,60
Daniel Craig,81,60
Elizabeth Taylor,87,60
Bob Hope,80,60
Renee Zellweger,87,60
Alan Alda,81,60
Queen Latifah,92,60
Mickey Rooney,87,60
Jack Lemmon,80,60
Raquel Welch,83,60
Jeremy Renner,83,59
Hugh Laurie,79,59
Robert Redford,85,59
Chris Hemsworth,84,59
Danny Trejo,79,59
Humphrey Bogart,83,59
Mike Myers,86,59
Jason Statham,78,59
Owen Wilson,88,59
Matthew Broderick,84,59
Christian Bale,85,59
Ice-T,91,59
Marisa Tomei,78,59
Mel Gibson,95,59
John Wayne,92,59
Chris Farley,87,59
Matt Dillon,85,59
Bob Newhart,82,59
John Stamos,87,59
Tina Fey,86,59
Tim Conway,81,59
Ray Liotta,80,59
Channing Tatum,90,59
Cary Grant,79,59
Colin Farrell,88,59
Dakota Fanning,87,59
Paul Rudd,84,59
Rodney Dangerfield,84,59
Glenn Close,86,58
Michael Landon,80,58
James Garner,76,58
Debbie Reynolds,83,58
Rob Lowe,88,58
Vincent Price,74,58
James Stewart,77,58
Hugh Grant,90,58
George Burns,82,58
Wesley Snipes,88,58
Daniel Radcliffe,85,58
Angela Lansbury,82,58
Faye Dunaway,81,58
William H. Macy,81,58
Geena Davis,81,58
Kirsten Dunst,83,58
Tony Danza,88,58
Gary Sinise,77,58
Charlton Heston,81,58
Molly Ringwald,86,58
Walter Matthau,72,58
Penelope Cruz,86,58
Julia Louis-Dreyfus,83,58
John Cusack,86,58
Christian Slater,82,58
Julianne Moore,80,58
Idris Elba,73,58
Michael B. Jordan,85,58
Tracy Morgan,84,58
Willem Dafoe,77,58
Florence Henderson,80,58
Ethan Hawke,86,57
Dennis Hopper,81,57
Brooke Shields,88,57
Clark Gable,80,57
"Louis Gossett, Jr.",75,57
Mark Harmon,78,57
Ava Gardner,77,57
George Lopez,94,57
George Carlin,82,57
John Belushi,85,57
Elijah Wood,85,57
Peter Falk,74,57
Mark Hamill,83,57
Lynda Carter,78,57
Kelsey Grammer,86,57
Edward Norton,80,57
Emma Thompson,80,57
Angela Bassett,79,57
Jessica Alba,87,57
Lily Tomlin,77,57
Emily Blunt,80,57
Tom Cruise,97,57
Ray Romano,84,56
Jerry Seinfeld,94,56
"Cuba Gooding, Jr.",86,56
Sissy Spacek,81,56
Macaulay Culkin,92,56
James Dean,86,56
Dave Chappelle,88,56
Dom DeLuise,79,56
Natalie Wood,80,56
Christopher Lee,74,56
Lou Costello,80,56
Billy Bob Thornton,85,56
Christina Ricci,80,56
Chadwick Boseman,77,56
Sam Waterston,75,56
Chris Pratt,84,56
Emilio Estevez,82,56
Will Smith,97,56
Fran Drescher,83,56
Candice Bergen,82,56
Martin Lawrence,85,56
Julia Stiles,80,56
Roger Moore,80,56
Charlize Theron,81,56
Redd Foxx,76,56
Jackie Gleason,81,56
Valerie Bertinelli,80,56
Liam Hemsworth,84,56
Phyllis Diller,78,55
Melissa McCarthy,86,55
Bob Saget,90,55
Rita Hayworth,77,55
James Caan,78,55
Fred Astaire,81,55
Jean-Claude Van Damme,91,55
Sharon Stone,86,55
George Takei,79,55
"Damon Wayans, Jr.",83,55
Barbara Eden,75,55
Charles Bronson,80,55
Susan Sarandon,84,55
Kristen Bell,83,55
Mila Kunis,82,55
Henry Fonda,79,55
Joan Cusack,83,55
Jessica Biel,85,55
Matt LeBlanc,84,55
Judi Dench,73,55
Jason Alexander,82,55
Ed Asner,79,55
Rhea Perlman,77,55
Gilda Radner,74,55
Sean Penn,90,55
Sarah Jessica Parker,93,55
Christopher Plummer,75,55
Ed Harris,75,55
Kim Basinger,86,55
Jerry Stiller,83,55
Ian McKellen,74,55
Cate Blanchett,79,55
Don Rickles,80,55
Sherman Hemsley,76,55
Al Lewis,74,55
Lauren Bacall,76,55
Bill Paxton,77,55
Kirstie Alley,89,54
Debra Messing,81,54
Shirley MacLaine,81,54
Luke Perry,86,54
Anna Kendrick,78,54
Holly Hunter,77,54
Patrick Dempsey,83,54
Ewan McGregor,78,54
Ernest Borgnine,74,54
Bernie Mac,84,54
Desi Arnaz,79,54
Courteney Cox,87,54
Hilary Swank,81,54
Eugene Levy,76,54
Tommy Chong,78,54
Matthew Perry,89,54
Lisa Kudrow,83,54
Helen Mirren,74,54
Gerard Butler,75,54
Marlon Wayans,84,54
Jude Law,84,54
Jerry Lewis,85,54
Mandy Moore,80,54
Ashton Kutcher,91,54
Sarah Michelle Gellar,82,54
Paul Hogan,79,54
Patrick Duffy,78,54
Mae West,79,54
Anthony Perkins,72,53
Carroll O'Connor,74,53
Zac Efron,85,53
Jane Seymour,77,53
Liza Minnelli,86,53
Viola Davis,72,53
Ann-Margret,72,53
Eva Mendes,82,53
Bob Denver,79,53
Amy Poehler,76,53
Greta Garbo,77,53
Blake Lively,78,53
Cloris Leachman,71,53
Elizabeth Hurley,84,53
Keira Knightley,76,53
Joaquin Phoenix,81,53
Debra Winger,74,53
Lloyd Bridges,77,53
Paul Walker,80,53
Shirley Jones,71,53
John Lithgow,73,53
Benedict Cumberbatch,72,53
Gary Cooper,77,53
Telly Savalas,72,53
Chris Evans,75,53
James Coburn,76,53
Jim Nabors,78,53
Lou Diamond Phillips,75,53
James Gandolfini,77,53
Naomi Watts,80,53
Jane Fonda,90,53
Michael Clarke Duncan,70,53
Kathleen Turner,78,53
Cedric the Entertainer,83,53
Yul Brynner,71,53
Gregory Peck,75,53
Ann B. Davis,75,53
Morgan Fairchild,81,53
LeVar Burton,76,53
Octavia Spencer,74,53
Joe Mantegna,73,53
David Spade,83,53
Rick Moranis,74,53
George C Scott,72,52
Jeff Daniels,79,52
Beverly D'Angelo,75,52
Donnie Wahlberg,83,52
Katey Sagal,73,52
Daryl Hannah,79,52
Anna Faris,72,52
Richard Belzer,73,52
Patty Duke,78,52
Bernadette Peters,72,52
Donna Reed,74,52
Peter Sellers,71,52
Anthony Anderson,73,52
Lou Ferrigno,81,52
David Schwimmer,91,52
Robert Wagner,82,52
Orlando Bloom,83,52
Omar Sharif,72,52
Philip Seymour Hoffman,75,52
David Carradine,77,52
Seth MacFarlane,85,52
Don Cheadle,74,52
Ashley Judd,79,52
Elizabeth Olsen,79,52
Donald Glover,77,52
Bill Bixby,73,52
Alec Guinness,69,52
Chris O'Donnell,79,52
Jack Palance,74,52
Amy Adams,72,52
Don Johnson,80,52
Chris Tucker,77,52
Margot Robbie,77,52
Richard Dawson,81,52
Jessica Lange,74,52
Melissa Joan Hart,79,52
Hilary Duff,90,52
Daniel Day-Lewis,79,51
Groucho Marx,78,51
Jimmy Smits,69,51
Gene Kelly,75,51
Rob Schneider,86,51
Cheech Marin,77,51
Robert Mitchum,72,51
Shawn Wayans,79,51
Jet Li,79,51
John Malkovich,74,51
Zendaya,75,51
Ricky Gervais,79,51
Peter O'Toole,77,51
Joan Crawford,81,51
Katie Holmes,89,51
Patricia Arquette,83,51
Kim Cattrall,79,51
Bryan Cranston,71,51
John Cleese,74,51
Wilford Brimley,74,51
Ginger Rogers,73,51
Jim Parsons,79,51
Rowan Atkinson,73,51
Harry Morgan,71,51
Rita Moreno,68,51
James Cromwell,71,51
Rene Russo,75,51
Heather Locklear,87,51
Tim Curry,78,51
Richard Attenborough,74,51
Steve Buscemi,70,51
Ed O'Neill,75,51
Valerie Harper,70,51
James Franco,85,51
Ingrid Bergman,75,51
James Brolin,77,51
Shelley Long,73,51
Kate Beckinsale,75,51
Tyler Perry,90,51
Lee Marvin,72,51
Joanne Woodward,68,51
Tony Curtis,78,51
Dennis Weaver,73,51
Annette Funicello,72,51
Laurence Olivier,72,51
Mark Ruffalo,81,50
Peter Graves,71,50
John Krasinski,72,50
Maya Rudolph,75,50
Billy Dee Williams,76,50
Oliver Hardy,71,50
Jennifer Coolidge,72,50
Diane Lane,70,50
Lorne Greene,70,50
Kevin James,81,50
Adam Driver,77,50
Megan Fox,91,50
Maureen O'hara,70,50
Maggie Smith,69,50
Josh Brolin,76,50
Annette Bening,74,50
Omar Epps,71,50
Burt Lancaster,75,50
Leah Remini,77,50
Chris Pine,74,50
Rock Hudson,81,50
Kerry Washington,72,50
Seth Rogen,86,50
Alan Rickman,66,50
Mary-Louise Parker,73,50
Vivica A. Fox,77,50
Alyssa Milano,86,50
Stockard Channing,71,50
Rue McClanahan,68,50
Dana Carvey,76,50
Spencer Tracy,70,50
Shelley Winters,73,50
Gwyneth Paltrow,90,50
Alec Baldwin,96,50
Brian Dennehy,70,49
Vivien Leigh,70,49
Colin Firth,74,49
Helena Bonham Carter,67,49
George Reeves,77,49
Tom Holland,70,49
Angie Harmon,67,49
Sally Struthers,81,49
Rachel McAdams,73,49
Terrence Howard,72,49
Art Carney,67,49
Laura Dern,75,49
Elliott Gould,74,49
Lea Thompson,71,49
Elizabeth Banks,72,49
David Duchovny,74,49
Rebel Wilson,80,49
Nathan Lane,71,49
Kate Jackson,73,49
Danny Thomas,70,49
Ricardo Montalbán,71,49
Marlo Thomas,76,49
Edward James Olmos,68,49
Harvey Korman,67,49
John C. Reilly,72,49
Kaley Cuoco,73,49
Emma Roberts,80,49
Richard Burton,73,49
Jon Lovitz,76,49
Melanie Griffith,84,49
River Phoenix,79,49
Warren Beatty,83,49
Judd Hirsch,70,49
Jane Lynch,77,49
Suzanne Somers,80,49
Lena Horne,71,49
Rachel Weisz,70,49
Jerry Van Dyke,76,49
Zooey Deschanel,73,49
Luke Wilson,72,49
Neve Campbell,71,49
Rashida Jones,69,49
Liv Tyler,76,49
Jon Voight,82,49
Shari Lewis,70,48
Katherine Heigl,81,48
Barbara Stanwyck,72,48
Cicely Tyson,69,48
Henry Cavill,76,48
Susan Hayward,70,48
Tim Robbins,74,48
Andie MacDowell,70,48
Stanley Tucci,68,48
William Hurt,73,48
Whoopi Goldberg,97,48
Henry Morgan,68,48
Jonathan Winters,70,48
Charlie Sheen,90,48
Ned Beatty,72,48
Mel Blanc,67,48
Jeff Dunham,74,48
Tom Hardy,74,48
Anne Bancroft,70,48
Alan Arkin,72,48
Keri Russell,70,48
Scott Bakula,73,48
Jason Segel,73,48
Larry the Cable Guy,89,48
Cybill Shepherd,78,48
Boris Karloff,68,48
Andy Garcia,71,48
Will Arnett,78,48
Erik Estrada,82,48
Béla Lugosi,68,48
Mayim Bialik,75,48
James Arness,66,48
Carl Reiner,75,48
Alicia Silverstone,77,48
Rosario Dawson,69,48
Timothy Dalton,73,48
Vanessa Redgrave,72,48
Fred Savage,79,48
Jennifer Connelly,70,48
Benicio del Toro,67,48
Liev Schreiber,68,47
Dudley Moore,72,47
Jane Curtin,72,47
John Amos,66,47
Craig T. Nelson,72,47
Ali MacGraw,67,47
Gabriel Iglesias,77,47
Hector Elizondo,64,47
Randy Quaid,75,47
Kyra Sedgwick,74,47
Nick Nolte,78,47
Peter Boyle,69,47
Maggie Gyllenhaal,73,47
Walter Brennan,63,47
Michelle Yeoh,67,47
Jennifer Grey,74,47
Jacqueline Bisset,69,47
Zoe Saldana,69,47
Larry Hagman,74,47
James Spader,71,47
Susan Lucci,76,47
James Cagney,77,47
Larry David,73,47
Taye Diggs,69,47
David Hasselhoff,89,47
Julianna Margulies,70,47
Fred MacMurray,64,47
Juliette Lewis,70,47
Timothy Hutton,71,47
James Woods,77,47
Beau Bridges,72,47
J. K. Simmons,65,47
Lindsay Lohan,97,47
Chuck Connors,69,47
Linda Hamilton,71,47
Michael Peña,71,47
John Ratzenberger,69,47
Madeline Kahn,66,47
Gal Gadot,68,47
Hal Holbrook,68,47
Harvey Keitel,67,47
Martin Landau,70,47
Anthony Quinn,71,46
Ellen Burstyn,69,46
Olivia Wilde,78,46
Tom Berenger,68,46
Paul Giamatti,65,46
Mickey Rourke,83,46
Jerry Orbach,69,46
William Holden,66,46
Claire Danes,72,46
Red Buttons,64,46
Olivia de Havilland,68,46
Jerry O'Connell,72,46
Vivian Vance,67,46
Kristen Wiig,72,46
Gary Oldman,68,46
Kevin Kline,73,46
Jack Klugman,63,46
Jonah Hill,81,46
Karl Malden,64,46
Mia Farrow,78,46
Mariska Hargitay,69,46
Zach Galifianakis,76,46
Sam Neill,65,46
Jeremy Irons,72,46
Rami Malek,67,46
Jason Robards,64,46
David Niven,66,46
Gina Rodriguez,68,46
Elle Fanning,70,46
Kirk Cameron,81,46
Rod Steiger,67,46
Sandra Oh,71,46
Ben Kingsley,67,46
Amanda Seyfried,69,46
Tony Shalhoub,65,46
Jennifer Jason Leigh,71,46
Robert Vaughn,69,46
Bill Hader,68,46
Buddy Hackett,69,46
Michael Cera,70,46
George Peppard,69,46
David Hyde Pierce,67,46
Regina King,64,45
John Astin,65,45
Richard Harris,66,45
Steven Seagal,90,45
Ron Perlman,71,45
Mary Steenburgen,64,45
Burgess Meredith,64,45
Della Reese,68,45
Benjamin Bratt,68,45
Peter Lorre,64,45
Raven-Symoné,81,45
Pedro Pascal,64,45
Danny Kaye,65,45
Marty Feldman,69,45
Gregory Hines,65,45
Rosie Perez,75,45
Dylan McDermott,69,45
Peter Fonda,74,45
Vincent D'Onofrio,65,45
DeForest Kelley,64,45
Téa Leoni,65,45
Jessica Chastain,66,45
John Leguizamo,67,45
Lauren Hutton,70,45
America Ferrera,68,45
Elisabeth Shue,63,45
John Turturro,64,45
Eva Marie Saint,66,45
Tom Hiddleston,64,45
Molly Shannon,69,45
Seth Green,78,45
Brigitte Bardot,70,45
Gillian Anderson,71,45
Tracey Ullman,75,45
Shemar Moore,64,45
Jean Harlow,68,45
Keke Palmer,66,45
Robert Pattinson,77,45
Gabrielle Union,68,45
Vanessa Hudgens,77,45
Benny Hill,76,44
"Alan Hale, Jr.",68,44
Christopher Meloni,65,44
Moe Howard,61,44
Viggo Mortensen,66,44
Ralph Fiennes,62,44
Milton Berle,68,44
Scott Baio,78,44
Shia LaBeouf,80,44
Malcolm-Jamal Warner,71,44
Sean Astin,65,44
Jessica Tandy,67,44
Dabney Coleman,65,44
Daniel Dae Kim,64,44
Milla Jovovich,66,44
Teri Hatcher,72,44
Catherine O'Hara,63,44
Evan Rachel Wood,69,44
Delta Burke,73,44
Alfre Woodard,63,44
Errol Flynn,71,44
Ving Rhames,61,44
Dakota Johnson,74,44
Rupert Grint,67,44
Lynn Redgrave,69,44
Glenn Ford,65,44
Sara Gilbert,75,44
Pauley Perrette,62,44
Loni Anderson,76,44
Dan Blocker,61,44
Marlene Dietrich,67,44
Jack Albertson,64,44
Kate Bosworth,74,44
Emilia Clarke,61,44
Mary-Kate Olsen,93,44
Sarah Paulson,68,43
Kristen Stewart,82,43
Robin Wright,65,43
Garrett Morris,61,43
Pernell Roberts,63,43
Janet Leigh,68,43
Margot Kidder,66,43
Jon Hamm,64,43
Gena Rowlands,66,43
Bonnie Hunt,70,43
Joseph Gordon-Levitt,63,43
Lauren Graham,64,43
Bill Engvall,67,43
Teri Garr,59,43
Tom Arnold,85,43
Phylicia Rashad,69,43
Janeane Garofalo,67,43
Josh Duhamel,66,43
Frances McDormand,63,43
Dean Cain,73,43
Zsa Zsa Gábor,77,43
Mike Epps,67,43
Edward G Robinson,62,43
Millie Bobby Brown,68,43
John Barrymore,67,43
Wayne Knight,69,43
Andy Kaufman,75,43
Haley Joel Osment,72,43
Michelle Rodriguez,67,43
Judith Light,65,43
Michelle Williams,66,43
Chris Elliott,71,42
Cliff Robertson,61,42
George Kennedy,65,42
Kevin Spacey,91,42
James Marsden,66,42
Montgomery Clift,64,42
Sid Caesar,64,42
Sarah Silverman,78,42
Buster Keaton,66,42
Richard Dean Anderson,66,42
Andrew Garfield,66,42
Loretta Young,63,42
Tom Skerritt,65,42
Curly Howard,60,42
Aaron Neville,64,42
Laura Linney,62,42
Peter Dinklage,63,42
Chris Noth,66,42
David Tennant,60,42
Emily Watson,68,42
Hayden Panettiere,69,42
Selma Blair,71,42
Josh Hartnett,67,42
Alyson Hannigan,61,42
Bruce Dern,68,42
Ed Helms,63,42
Mandy Patinkin,62,42
Regina Hall,63,42
Tatum ONeal,74,42
Julie Christie,63,42
Amanda Bynes,75,42
Casey Affleck,74,42
Bill Pullman,63,41
Robert Patrick,64,41
Michael C Hall,63,41
Dolph Lundgren,69,41
Billy Zane,66,41
Maisie Williams,62,41
Kathy Ireland,74,41
Denise Richards,80,41
Tim Roth,66,41
Jason Sudeikis,67,41
Allison Janney,59,41
Simon Pegg,61,41
John Hurt,63,41
Jesse Eisenberg,72,41
Anna Paquin,67,41
Lee Van Cleef,57,41
Olivia Munn,66,41
Greg Kinnear,64,41
William Devane,62,41
Patricia Neal,59,41
Emily Deschanel,67,41
Tom Sizemore,65,41
Clive Owen,66,41
Bob Odenkirk,60,41
Johnny Knoxville,73,41
Minnie Driver,73,41
Simon Baker,62,41
Kim Novak,63,41
Laurie Metcalf,66,41
Gerald McRaney,60,41
Aaron Paul,64,41
Jared Leto,74,41
Deborah Kerr,61,41
Carole Lombard,59,41
Joan Fontaine,65,41
Kristin Chenoweth,67,41
Marcia Gay Harden,61,41
Felicity Huffman,69,40
Johnny Galecki,62,40
Steve Austin,76,40
Lupita Nyong'o,61,40
Richard Roundtree,60,40
James Caviezel,63,40
Priyanka Chopra,68,40
Jim Caviezel,66,40
Michael Chiklis,65,40
Jeffrey Dean Morgan,59,40
Gloria Swanson,65,40
Dermot Mulroney,63,40
Lily Collins,61,40
Dennis Farina,61,40
Suzanne Pleshette,60,40
Ashley Tisdale,71,40
Michael Fassbender,61,40
Jane Wyman,66,40
Tiffany Haddish,65,40
Rex Harrison,65,40
Adrien Brody,67,40
Tessa Thompson,62,40
Robert Shaw,61,40
Vera Farmiga,56,40
John Cho,61,40
Elliot Page,67,40
Constance Wu,61,40
Michael Sheen,68,40
Kate Mulgrew,62,40
Danny Aiello,63,40
Brian Cox,61,40
Fred Gwynne,57,40
Jean Smart,62,40
Timothy Olyphant,60,40
Brie Larson,66,39
Judy Holliday,61,39
Tracee Ellis Ross,62,39
Peter Ustinov,57,39
Olympia Dukakis,67,39
Isaiah Washington,71,39
Pam Grier,62,39
Anne Baxter,59,39
Malcolm McDowell,63,39
Sophie Turner,65,39
Eric Roberts,65,39
Amanda Peet,66,39
Bill Skarsgård,63,39
Joel McHale,64,39
Jenna Elfman,68,39
Dan Levy,60,39
Javier Bardem,57,39
Bryce Dallas Howard,61,39
Leslie Mann,57,39
Taylor Lautner,68,39
David Boreanaz,61,39
Alexandra Daddario,57,39
Jack Lord,60,39
Kit Harington,59,39
Hayden Christensen,67,39
Gary Busey,76,39
Amy Smart,63,39
Gérard Depardieu,64,39
Myrna Loy,58,39
Mira Sorvino,67,39
Zoë Kravitz,69,39
James Mason,57,39
Eli Wallach,59,39
Sacha Baron Cohen,73,39
Charles Nelson Reilly,65,39
Albert Finney,62,39
Jon Favreau,67,38
William Powell,60,38
Russell Brand,84,38
Felicity Jones,71,38
Alfred Molina,58,38
Alexander Skarsgaard,58,38
Jean Reno,62,38
Andy Samberg,66,38
Lionel Barrymore,64,38
Scott Eastwood,63,38
John Banner,55,38
Sam Kinison,67,38
Kat Dennings,62,38
Thomas Haden Church,60,38
Sydney Pollack,64,38
Tori Spelling,85,38
Mary Pickford,61,38
Bruce Campbell,57,38
Paul Bettany,59,38
Rutger Hauer,58,38
Jeri Ryan,56,38
Aaron Eckhart,59,38
Rosie O'Donnell,93,38
Albert Brooks,63,38
David Ogden Stiers,61,38
Tim Daly,64,38
Milo Ventimiglia,57,38
Zach Braff,67,38
Piper Laurie,58,38
Patricia Clarkson,60,38
Sean Bean,59,38
Jerry Reed,63,38
Richard Boone,58,38
Christoph Waltz,55,38
R. Lee Ermey,54,38
Bob Hoskins,60,38
Patton Oswalt,63,37
Dianne Wiest,61,37
Tara Reid,76,37
Helen Hayes,57,37
Idina Menzel,57,37
Jada Pinkett Smith,91,37
Mary McDonnell,58,37
Hailee Steinfeld,57,37
Donald Faison,59,37
Sean Hayes,61,37
Frank Langella,60,37
Oscar Isaac,53,37
Marlee Matlin,60,37
Martin Freeman,62,37
Seann William Scott,59,37
Alison Brie,57,37
Max von Sydow,57,37
Holly Robinson Peete,62,37
Eddie Redmayne,54,37
Catherine Deneuve,61,37
Adam Baldwin,72,37
Denver Pyle,56,37
Joan Allen,57,37
Thandie Newton,54,37
Wil Wheaton,62,37
Lee Grant,58,37
Mindy Kaling,66,37
Richard Farnsworth,55,37
Elisabeth Moss,66,37
Kate Mara,58,37
Kate Capshaw,62,37
Isla Fisher,57,37
Toni Collette,59,37
Jennifer Jones,55,36
Jeffrey Wright,55,36
Topher Grace,60,36
Norman Reedus,53,36
Craig Robinson,55,36
Peter Finch,61,36
James McAvoy,61,36
Don Ameche,61,36
Kenneth Branagh,59,36
Ruby Rose,55,36
Ana de Armas,56,36
James Whitmore,57,36
Claude Rains,56,36
Justin Long,55,36
Lea Michele,61,36
Jonathan Pryce,58,36
Emmy Rossum,59,36
Liv Ullmann,59,36
Miranda Richardson,61,36
Sterling K. Brown,52,36
Marsha Mason,55,36
Olivia Holt,55,36
Ryan Phillippe,61,36
Andrew Lincoln,54,36
Claudette Colbert,58,36
Linda Hunt,58,36
Lily James,54,36
Nina Dobrev,52,36
Taraji P. Henson,56,36
Hattie McDaniel,56,36
Cynthia Nixon,67,36
Brittany Snow,57,36
Dave Franco,59,36
Robert Forster,60,36
Ruby Dee,51,36
Sienna Miller,59,36
Tom Wilkinson,58,36
Christopher Knight,62,36
Jaden Smith,88,36
Rosamund Pike,54,36
Dean Stockwell,56,36
Shailene Woodley,54,36
Ken Watanabe,52,36
Kevin Sorbo,62,36
Jill Clayburgh,54,36
Christine Baranski,56,35
Ellie Kemper,53,35
Anthony Mackie,56,35
David  Oyelowo,51,35
Florence Pugh,60,35
Lena Headey,56,35
Thomas Gibson,57,35
Virginia Madsen,58,35
Broderick Crawford,56,35
Julie Walters,59,35
Michael Shannon,55,35
Harold Ramis,55,35
Stellan Skarsgaard,56,35
Cary Elwes,52,35
Evangeline Lilly,61,35
Andre Braugher,51,35
Tilda Swinton,55,35
Geoffrey Rush,57,35
John Cassavetes,58,35
Jon Bernthal,50,35
Daniel Kaluuya,51,35
Dane Cook,66,35
William Jackson Harper,54,35
Parker Posey,57,35
Chloë Moretz,57,35
Morris Chestnut,58,35
Patrick Wilson,55,35
Jonathan Majors,58,35
Shirley Booth,56,35
Connie Britton,52,34
Andy Serkis,54,34
Janet Gaynor,56,34
Mahershala Ali,53,34
Karen Gillan,51,34
Ernie Kovacs,55,34
Larry Linville,58,34
Guy Pearce,54,34
Kristin Scott Thomas,55,34
Ida Lupino,51,34
Brendan Gleeson,54,34
Stacey Dash,61,34
Peter Sarsgaard,56,34
Piper Perabo,56,34
Aziz Ansari,58,34
Carmen Miranda,60,34
Nia Long,55,34
Cillian Murphy,49,34
Chiwetel Ejiofor,47,34
Jose Ferrer,55,34
Roseanne Barr,84,34
Jeffrey Donovan,55,33
Graham Greene,56,33
Carey Mulligan,52,33
Ginnifer Goodwin,55,33
John Houseman,54,33
Lili Taylor,56,33
David Oyelowo,49,33
Lewis Black,56,33
Jim Gaffigan,58,33
Tichina Arnold,50,33
Portia de Rossi,64,33
Cole Sprouse,55,33
Danny McBride,60,33
Iain Armitage,54,33
Alexis Bledel,51,33
F Murray Abraham,51,33
Norma Shearer,51,33
Gabourey Sidibe,57,33
Rachel Griffiths,52,33
Ray Stevenson,53,33
Sam Rockwell,57,33
Greta Gerwig,53,33
Jonathan Rhys Meyers,52,33
Christopher Guest,52,33
Stephen Collins,58,33
Rose Byrne,54,33
Meagan Good,50,33
Olivia Colman,50,33
Dominic Cooper,53,33
Rob Riggle,51,33
Jared Padalecki,51,33
Sebastian Stan,52,33
Awkwafina,58,33
Michelle Trachtenberg,52,32
Maximilian Schell,55,32
Eric Bana,55,32
Roberto Benigni,52,32
Charles Coburn,52,32
Rebecca Ferguson,53,32
Jean Arthur,54,32
Claudia Cardinale,49,32
Rooney Mara,55,32
Sam Worthington,52,32
Jeremy Piven,58,32
Ben Johnson,52,32
Marion Davies,50,32
Cobie Smulders,48,32
Timothée Chalamet,56,32
Abigail Breslin,55,32
Kathryn Hahn,53,32
Joseph Cotten,48,32
Nathan Fillion,50,32
Daisy Ridley,55,32
Debby Ryan,54,32
Olivia Cooke,54,32
Sally Kirkland,53,32
Billy Porter,59,32
Ethel Barrymore,54,32
Rosalind Russell,52,32
Tatyana Ali,52,32
Geraldine Page,52,32
Charlotte Rampling,49,32
Natasha Lyonne,55,32
Mercedes Ruehl,49,32
Joey King,49,32
Chrissy Metz,52,32
Richard Jenkins,51,32
Phoebe Waller-Bridge,51,32
Katherine Langford,51,32
Issa Rae,46,32
Famke Janssen,52,32
Charlie Day,51,32
Bobby Cannavale,50,32
Catherine Keener,48,32
Lauren London,49,32
Michelle Monaghan,52,32
Natalia Dyer,50,32
Lance Henriksen,48,32
Kathleen Quinlan,55,32
Jodie Whittaker,54,31
Chloe Sevigny,52,31
Anya Taylor-Joy,49,31
Hugo Weaving,48,31
Kieran Culkin,61,31
Fairuza Balk,51,31
Jamie Chung,49,31
Karl Urban,50,31
Jason Schwartzman,53,31
January Jones,56,31
Jameela Jamil,49,31
John RhysDavies,50,31
Alex Borstein,50,31
Gloria Stuart,50,31
Ray Milland,51,31
Cassandra Peterson,48,31
Greer Garson,52,31
Matthew Rhys,55,31
Chazz Palminteri,49,31
Maria Bello,51,31
Danica McKellar,51,31
Sandy Dennis,49,31
Ruth Gordon,50,31
Dorothy Malone,48,31
Stephen Fry,56,31
Letitia Wright,48,31
Mo'Nique Imes-Jackson,59,31
Celeste Holm,47,31
Jensen Ackles,46,31
Carrot Top,83,31
Natalie Dormer,49,31
Paul Scofield,55,31
Amy Ryan,50,31
Christine Taylor,49,31
Scott Caan,55,31
Lillian Gish,51,31
Dennis Haysbert,45,31
Steve Coogan,53,31
Tom Segura,49,31
Nicholas Hoult,47,31
John Gielgud,46,31
Rachel Brosnahan,46,31
Barbi Benton,58,31
Djimon Hounsou,45,31
Louis C.K.,64,30
Bruce Davison,51,30
Charles Laughton,50,30
Judy Davis,51,30
Bill Cosby,95,30
Juliette Binoche,48,30
Isabelle Huppert,48,30
Gloria Grahame,44,30
Leighton Meester,50,30
Eliza Dushku,50,30
Omar Sy,46,30
Giovanni Ribisi,52,30
Paul Lukas,45,30
Mark Strong,47,30
Jean Seberg,46,30
Lake Bell,47,30
Michael Ealy,48,30
Marion Cotillard,47,30
Eva Green,49,30
Michael Rooker,48,30
Imelda Staunton,48,30
Max Minghella,47,30
Saoirse Ronan,47,30
Nick Frost,47,30
Jon Heder,54,30
Jane Alexander,51,30
Barry Fitzgerald,47,30
David Strathairn,49,30
Justin Hartley,52,30
Mary Astor,50,29
Ian Somerhalder,46,29
John Boyega,50,29
Penn Badgley,48,29
CarrieAnne Moss,51,29
Gaten Matarazzo,46,29
Takashi Shimura,45,29
Paula Patton,51,29
Pete Postlethwaite,47,29
Stephanie Hsu,45,29
Charlie Hunnam,49,29
Uzo Aduba,44,29
Michael Ironside,51,29
JeanPaul Belmondo,46,29
Caleb McLaughlin,48,29
Matt Smith,49,29
Sadie Sink,45,29
Freddie Highmore,47,29
Elsie Fisher,45,29
A. J. Cook,44,29
Naya Rivera,52,29
Eric Stonestreet,47,29
Jennifer Saunders,46,29
Chris Cooper,50,29
Josh Gad,50,29
John Hawkes,50,29
Floyd Red Crow Westerman,44,29
Mary Elizabeth Winstead,46,28
Kathryn Erbe,46,28
Walter Huston,48,28
Emma Myers,47,28
Brian Tyree Henry,42,28
Maggie Grace,51,28
Edmund Gwenn,45,28
Amber Heard,81,28
Gig Young,49,28
Ben Foster,50,28
John Mills,48,28
Finn Wolfhard,49,28
Ray Winstone,46,28
Erich von Stroheim,44,28
Eileen Heckart,46,28
Paul Muni,47,28
George Lazenby,49,28
Chris Colfer,45,28
Freida Pinto,47,28
Chris Messina,48,28
Nigel Hawthorne,51,28
Taron Egerton,45,28
Emily Browning,48,28
Lena Dunham,63,28
Ronald Colman,47,28
Mia Wasikowska,45,28
George Sanders,50,28
Hong Chau,44,28
Chris Bauer,51,28
Sophie Marceau,45,28
Edmond OBrien,44,28
Ian Holm,44,28
Sally Hawkins,46,27
Jo Van Fleet,46,27
Rob Delaney,52,27
Donald Crisp,45,27
Jay Baruchel,45,27
Tom Hulce,44,27
Billy Crudup,50,27
Claire Foy,48,27
Teresa Palmer,42,27
Jared Harris,44,27
Noomi Rapace,43,27
Demián Bichir,40,27
Marisol Nichols,45,27
Jim Broadbent,42,27
Wallace Beery,45,27
Darren Criss,43,27
Miles Teller,49,27
Armie Hammer,57,27
Jena Malone,49,27
Lakeith Stanfield,44,27
Jonathan Bailey,45,27
Jack Davenport,48,27
Miles Brown,47,27
Aaron Taylor Johnson,45,27
Dean Jagger,46,27
Kaitlyn Dever,41,27
Mehcad Brooks,43,27
Marcello Mastroianni,48,27
Gemma Arterton,42,27
Josh Lawson,44,27
Shay Mitchell,42,27
Sebastian Maniscalco,46,27
Richard E. Grant,49,26
Jodie Comer,41,26
Tika Sumpter,41,26
Bill Hicks,47,26
Alexis Thorpe,42,26
Daveed Diggs,43,26
Holt McCallany,45,26
Joel McCrea,46,26
Tatiana Maslany,43,26
Sofia Carson,44,26
Mads Mikkelsen,45,26
Fredric March,45,26
Logan Lerman,46,26
Garrett Hedlund,42,26
Michael Hyatt,44,26
Ansel Elgort,46,26
Rebecca Hall,46,26
Lena Waithe,45,26
Billy Burke,51,26
Glenda Jackson,45,26
David Thewlis,42,26
Ellen Cleghorne,40,26
Paul Dano,40,26
Alicia Vikander,43,26
Lucas Hedges,43,26
Ramy Youssef,44,26
Michael Lerner,54,26
Melissa Leo,40,26
Taylor Kitsch,46,25
Jane Darwell,42,25
Thora Birch,44,25
Gael Garcia Bernal,43,25
AnnaSophia Robb,44,25
Marc Maron,46,25
Vincent Gallo,44,25
Jamie Bell,42,25
Janet McTeer,37,25
Noah Jupe,43,25
Tom Conti,52,25
Cynthia Erivo,39,25
Lana Condor,42,25
Ezra Miller,57,25
Kurt Sutter,43,25
Daniel Bruhl,39,25
Abbie Cornish,43,25
Teresa Ruiz,41,25
Thomas Mitchell,42,25
Ben Platt,49,25
Jean Dujardin,42,25
Jeanne Moreau,42,25
Beatrice Straight,36,25
Luise Rainer,37,25
Audrey Tautou,44,25
Ashley Park,42,25
Kiernan Shipka,42,25
Alex R. Hibbert,41,25
Tobin Bell,40,25
George Chakiris,42,24
Suraj Sharma,41,24
Hunter Schafer,40,24
Mo Rocca,46,24
Kiki Layne,41,24
Rufus Sewell,42,24
Sherry Cola,35,24
Andrew Scott,45,24
Marina de Tavira,35,24
Rachel Zegler,43,24
Pamela Adlon,42,24
Beanie Feldstein,39,24
Isabelle Adjani,42,24
Gale Sondergaard,41,24
Storm Reid,40,24
Christopher Abbott,45,24
Merritt Wever,40,24
Taylor Hill,45,24
Adrianne Palicki,43,24
Katie Aselton,39,24
Keisha CastleHughes,38,24
Stephen Rea,45,24
Victor McLaglen,43,24
Berenice Bejo,40,24
Lesley Manville,41,24
Jackie Earle Haley,40,24
Alice Eve,39,24
Richard Armitage,48,24
Édgar Ramírez,42,23
Franka Potente,39,23
Mireille Enos,39,23
Deobia Oparei,37,23
Brenda Blethyn,41,23
Mark Rylance,37,23
Jessica McNamee,40,23
Robin Weigert,39,23
John Cazale,42,23
Dan Petronijevic,40,23
Armin MuellerStahl,41,23
Cam Gigandet,39,23
Mercedes McCambridge,39,23
Tom Blyth,39,23
Riz Ahmed,36,23
Sarah Polley,41,23
Amandla Stenberg,40,23
Shannon Purser,38,23
Emmanuelle Riva,37,23
Sophie Okonedo,37,23
Harold Russell,38,22
Tobias Menzies,39,22
Rinko Kikuchi,33,22
Miyoshi Umeki,38,22
Robert Donat,36,22
Anna Magnani,36,22
Joe Taslim,38,22
Yahya Abdul Mateen II,35,22
Teresa Wright,38,22
Paul Walter Hauser,39,22
Harry Maldonado,42,22
Ioan Gruffudd,39,22
Jordan Bolger,36,22
Olivia Thirlby,38,22
Joseph Schildkraut,37,22
Lucas Bravo,35,22
Ranveer Singh,41,22
Choi Min-sik,38,22
Vincent Cassel,39,22
Rocci Williams,38,22
Aleksey Serebryakov,35,21
Jacki Weaver,38,21
Alfredo Quiroz,36,21
Millicent Simmonds,36,21
Setsuko Hara,38,21
Paddy Considine,41,21
Noah Centineo,37,21
Catalina Sandino Moreno,40,21
Domhnall Gleeson,39,21
Pauline Collins,40,21
Shohreh Aghdashloo,33,21
Fernanda Montenegro,38,21
Haing S Ngor,37,20
Jacob Perez,34,20
Koji Yakusho,32,20
Lashana Lynch,38,20
Niv Sultan,34,20
Mark Salling,39,20
Richard Zeppieri,36,20
D'Arcy Carden,32,20
Mark Gatiss,38,20
Samantha Morton,37,20
Bates Wilder,35,20
Griffin Gluck,34,19
Irrfan Khan,36,19
Shahrukh Khan,33,19
Sean A. Rosales,34,18
Merve Dizdar,32,18
Adriana Barraza,35,18
Mohanlal,32,17
Yalitza Aparicio,32,17
Romain Duris,31,17
