name,nominations,wins,lead/secondary details,role
Barkhad Abdi,1,0,S,Captain Phillips
F. Murray Abraham,1,1,L,Amadeus
Amy Adams,6,0,1L:5S,Junebug
Nick Adams,1,0,S,Twilight of Honor
Isabelle Adjani,2,0,L,"Story of Adele H., The"
Casey Affleck,2,1,1L1:1S0,Manchester by the Sea
Shohreh Aghdashloo,1,0,S,House of Sand and Fog
Brian Aherne,1,0,S,Juarez
Riz Ahmed,1,0,L,Sound of Metal
Danny Aiello,1,0,S,Do the Right Thing
Anouk Aim?e,1,0,L,"Man and a Woman, A"
Eddie Albert,2,0,S,Roman Holiday
Jack Albertson,1,1,S,"Subject Was Roses, The"
Alan Alda,1,0,S,"Aviator, The"
Norma Aleandro,1,0,S,Gaby: A True Story
Jane Alexander,4,0,2L:2S,"Great White Hope, The"
Mahershala Ali,2,2,S,Moonlight[w 1]
Joan Allen,3,0,1L:2S,"Contender, The"
Woody Allen,1,0,L,Annie Hall
Sara Allgood,1,0,S,How Green Was My Valley
Don Ameche,1,1,S,Cocoon
Judith Anderson,1,0,S,Rebecca
Julie Andrews,3,1,L,Mary Poppins
Ann-Margret,2,0,1L:1S,Tommy
Yalitza Aparicio,1,0,L,Roma
Anne Archer,1,0,S,Fatal Attraction
Eve Arden,1,0,S,Mildred Pierce
Alan Arkin,4,1,2L0:2S1,Little Miss Sunshine(2006)
George Arliss,1,1,L,Disraeli
Patricia Arquette,1,1,S,Boyhood
Jean Arthur,1,0,L,"More the Merrier, The"
Peggy Ashcroft,1,1,S,"Passage to India, A"
Fred Astaire,1,0,S,"Towering Inferno, The"
Mary Astor,1,1,S,"Great Lie, The"
Mischa Auer,1,0,S,My Man Godfrey
Margaret Avery,1,0,S,"Color Purple, The"
Dan Aykroyd,1,0,S,Driving Miss Daisy
Lew Ayres,1,0,L,Johnny Belinda
Lauren Bacall,1,0,S,"Mirror Has Two Faces, The"
Hermione Baddeley,1,0,S,Room at the Top
Mary Badham,1,0,S,To Kill a Mockingbird
Fay Bainter,3,1,1L0:2S1,Jezebel[n 1]
Maria Bakalova,1,0,S,Borat Subsequent Moviefilm
Carroll Baker,1,0,L,Baby Doll
Alec Baldwin,1,0,S,"Cooler, The"
Christian Bale,4,1,2L0:2S1,"Fighter, The"
Martin Balsam,1,1,S,"Thousand Clowns, A"
Anne Bancroft,5,1,L,"Miracle Worker, The"
George Bancroft,1,0,L,Thunderbolt
Antonio Banderas,1,0,L,Pain and Glory
Ian Bannen,1,0,S,"Flight of the Phoenix, The"
Javier Bardem,4,1,3L0:1S1,No Country for Old Men(2007)
Sacha Baron Cohen,1,0,S,The Trial of the Chicago 7
Marie-Christine Barrault,1,0,L,Cousin Cousine
Adriana Barraza,1,0,S,Babel
Barbara Barrie,1,0,S,Breaking Away
Ethel Barrymore,4,1,S,None but the Lonely Heart
Lionel Barrymore,1,1,L,"Free Soul, A"
Richard Barthelmess,1,0,L,"Patent Leather Kid, The"
Mikhail Baryshnikov,1,0,S,"Turning Point, The"
Kim Basinger,1,1,S,L.A. Confidential
Albert Bassermann,1,0,S,Foreign Correspondent
Angela Bassett,2,0,1L:1S,What's Love Got to Do with It
Alan Bates,1,0,L,"Fixer, The"
Kathy Bates,4,1,1L1:3S0,Misery
Anne Baxter,2,1,1L0:1S1,"Razor's Edge, The"
Warner Baxter,1,1,L,In Old Arizona
Ned Beatty,1,0,S,Network
Warren Beatty,4,0,L,Bonnie and Clyde
Wallace Beery,2,1,L,"Champ, The"
Ed Begley,1,1,S,Sweet Bird of Youth
B?r?nice Bejo,1,0,S,"Artist, The"
Barbara Bel Geddes,1,0,S,I Remember Mama
Ralph Bellamy,1,0,S,"Awful Truth, The"
William Bendix,1,0,S,Wake Island
Roberto Benigni,1,1,L,Life Is Beautiful
Annette Bening,4,0,3L:1S,American Beauty(1999)
Tom Berenger,1,0,S,Platoon
Candice Bergen,1,0,S,Starting Over
Ingrid Bergman,7,3,6L2:1S1,Gaslight(1944)[w 2]
Elisabeth Bergner,1,0,L,Escape Me Never
Jeannie Berlin,1,0,S,"Heartbreak Kid, The"
Halle Berry,1,1,L,Monster's Ball
Demi?n Bichir,1,0,L,"Better Life, A"
Charles Bickford,3,0,S,"Song of Bernadette, The"
Theodore Bikel,1,0,S,"Defiant Ones, The"
Juliette Binoche,2,1,1L0:1S1,"English Patient, The"
Karen Black,1,0,S,Five Easy Pieces
Betsy Blair,1,0,S,Marty
Linda Blair,1,0,S,"Exorcist, The"
Ronee Blakley,1,0,S,Nashville
Cate Blanchett,8,2,5L1:3S1,Blue Jasmine(2013)[w 3][n 2]
Brenda Blethyn,2,0,1L:1S,Secrets & Lies
Mary J. Blige,1,0,S,Mudbound
Joan Blondell,1,0,S,"Blue Veil, The"
Ann Blyth,1,0,S,Mildred Pierce
Humphrey Bogart,3,1,L,"African Queen, The(1951)"
Beulah Bondi,2,0,S,"Gorgeous Hussy, The"
Helena Bonham Carter,2,0,1L:1S,"Wings of the Dove, The"
Shirley Booth,1,1,L,"Come Back, Little Sheba"
Ernest Borgnine,1,1,L,Marty
Chadwick Boseman,1,0,L,Ma Rainey's Black Bottom
Charles Boyer,4,0,L,Conquest
Lorraine Bracco,1,0,S,Goodfellas
Alice Brady,2,1,S,In Old Chicago
Kenneth Branagh,2,0,1L:1S,Henry V
Klaus Maria Brandauer,1,0,S,Out of Africa
Marlon Brando,8,2,7L2:1S0,On the Waterfront(1954)[w 4]
Eileen Brennan,1,0,S,Private Benjamin
Walter Brennan,4,3,S,Come and Get It[w 5]
Abigail Breslin,1,0,S,Little Miss Sunshine
Jeff Bridges,7,1,3L1:4S0,Crazy Heart(2009)
Jim Broadbent,1,1,S,Iris
Adrien Brody,1,1,L,"Pianist, The"
Josh Brolin,1,0,S,Milk
Albert Brooks,1,0,S,Broadcast News
Leslie Browne,1,0,S,"Turning Point, The"
Yul Brynner,1,1,L,"King and I, The"
Jessie Buckley,1,0,S,The Lost Daughter
Genevi?ve Bujold,1,0,L,Anne of the Thousand Days
Sandra Bullock,2,1,L,"Blind Side, The"
Victor Buono,1,0,S,What Ever Happened to Baby Jane?
Billie Burke,1,0,S,Merrily We Live
Catherine Burns,1,0,S,Last Summer
George Burns,1,1,S,"Sunshine Boys, The"
Ellen Burstyn,6,1,5L1:1S0,Alice Doesn't Live Here Anymore(1974)
Richard Burton,7,0,6L:1S,"Robe, The(1953)"
Gary Busey,1,0,L,"Buddy Holly Story, The"
Austin Butler,1,0,L,Elvis
Red Buttons,1,1,S,Sayonara
Spring Byington,1,0,S,You Can't Take It with You
James Caan,1,0,S,"Godfather, The"
Adolph Caesar,1,0,S,"Soldier's Story, A"
Nicolas Cage,2,1,L,Leaving Las Vegas
James Cagney,3,1,L,Yankee Doodle Dandy(1942)
Michael Caine,6,2,4L0:2S2,Hannah and Her Sisters(1986)[w 6]
Louis Calhern,1,0,L,"Magnificent Yankee, The"
Dyan Cannon,2,0,S,Bob & Carol & Ted & Alice
Steve Carell,1,0,L,Foxcatcher
Harry Carey,1,0,S,Mr. Smith Goes to Washington
Lynn Carlin,1,0,S,Faces
Art Carney,1,1,L,Harry and Tonto
Leslie Caron,2,0,L,Lili
Diahann Carroll,1,0,L,Claudine
Nancy Carroll,1,0,L,"Devil's Holiday, The"
Peggy Cass,1,0,S,Auntie Mame
John Cassavetes,1,0,S,"Dirty Dozen, The"
Seymour Cassel,1,0,S,Faces
Richard S. Castellano,1,0,S,Lovers and Other Strangers
Keisha Castle-Hughes,1,0,L,Whale Rider
George Chakiris,1,1,S,West Side Story
Timoth?e Chalamet,1,0,L,Call Me by Your Name
Jeff Chandler,1,0,S,Broken Arrow
Carol Channing,1,0,S,Thoroughly Modern Millie
Stockard Channing,1,0,L,Six Degrees of Separation
Charlie Chaplin,1,0,L,"Great Dictator, The"
Jessica Chastain,3,1,2L1:1S,The Eyes of Tammy Faye
Ruth Chatterton,2,0,L,Madame X
Hong Chau,1,0,S,"Whale, The"
Don Cheadle,1,0,L,Hotel Rwanda
Michael Chekhov,1,0,S,Spellbound
Cher,2,1,1L1:1S0,Moonstruck
Maurice Chevalier,1,0,L,"Love Parade, The"
Julie Christie,4,1,L,Darling
Thomas Haden Church,1,0,S,Sideways
Diane Cilento,1,0,S,Tom Jones
Candy Clark,1,0,S,American Graffiti
Patricia Clarkson,1,0,S,Pieces of April
Jill Clayburgh,2,0,L,"Unmarried Woman, An"
Montgomery Clift,4,0,3L:1S,"Search, The"
George Clooney,4,1,3L0:1S1,Syriana
Glenn Close,8,0,4L:4S,Fatal Attraction(1987)
Lee J. Cobb,2,0,S,On the Waterfront
Charles Coburn,3,1,S,"More the Merrier, The(1943)"
James Coburn,1,1,S,Affliction
James Coco,1,0,S,Only When I Laugh
Claudette Colbert,3,1,L,It Happened One Night
Toni Collette,1,0,S,"Sixth Sense, The"
Patricia Collinge,1,0,S,"Little Foxes, The"
Pauline Collins,1,0,L,Shirley Valentine
Olivia Colman,3,1,2L1:1S0,"Favourite, The"
Ronald Colman,3,1,L,"Double Life, A"
Betty Compson,1,0,L,"Barker, The"
Jennifer Connelly,1,1,S,"Beautiful Mind, A"
Kerry Condon,1,0,S,The Banshees of Inisherin
Sean Connery,1,1,S,"Untouchables, The"
Tom Conti,1,0,L,"Reuben, Reuben"
Bradley Cooper,4,0,3L:1S,Silver Linings Playbook
Chris Cooper,1,1,S,Adaptation
Gary Cooper,5,2,L,Sergeant York(1941)[w 7]
Gladys Cooper,3,0,S,"Now, Voyager"
Jackie Cooper,1,0,L,Skippy
Ellen Corby,1,0,S,I Remember Mama
Valentina Cortese,1,0,S,Day for Night
Kevin Costner,1,0,L,Dances with Wolves
Marion Cotillard,2,1,L,La Vie en Rose
Tom Courtenay,2,0,1L:1S,"Dresser, The"
Jeanne Crain,1,0,L,Pinky
Bryan Cranston,1,0,L,Trumbo
Broderick Crawford,1,1,L,All the King's Men
Joan Crawford,3,1,L,Mildred Pierce
Donald Crisp,1,1,S,How Green Was My Valley
James Cromwell,1,0,S,Babe
Hume Cronyn,1,0,S,"Seventh Cross, The"
Bing Crosby,3,1,L,Going My Way
Rupert Crosse,1,0,S,"Reivers, The"
Lindsay Crouse,1,0,S,Places in the Heart
Russell Crowe,3,1,L,Gladiator(2000)
Tom Cruise,3,0,2L:1S,Born on the Fourth of July
Pen?lope Cruz,4,1,2L0:2S1,Vicky Cristina Barcelona(2008)
Benedict Cumberbatch,2,0,L,"Imitation Game, The"
Quinn Cummings,1,0,S,"Goodbye Girl, The"
Jamie Lee Curtis,1,1,S,Everything Everywhere All at Once
Tony Curtis,1,0,L,"Defiant Ones, The"
Joan Cusack,2,0,S,Working Girl
Willem Dafoe,4,0,1L:3S,At Eternity's Gate
Dan Dailey,1,0,L,When My Baby Smiles at Me
John Dall,1,0,S,"Corn Is Green, The"
Matt Damon,3,0,2L:1S,Good Will Hunting
Dorothy Dandridge,1,0,L,Carmen Jones
Bobby Darin,1,0,S,"Captain Newman, M.D."
Jane Darwell,1,1,S,"Grapes of Wrath, The"
Jaye Davidson,1,0,S,"Crying Game, The"
Bette Davis,11,2,L,Dangerous(1935)[w 8]
Geena Davis,2,1,1L0:1S1,"Accidental Tourist, The"
Judy Davis,2,0,1L:1S,"Passage to India, A"
Viola Davis,4,1,2L0:2S1,Fences
Bruce Davison,1,0,S,Longtime Companion
Andra Day,1,0,L,The United States vs. Billie Holiday
Doris Day,1,0,L,Pillow Talk
Daniel Day-Lewis,6,3,L,My Left Foot[w 9]
Ana de Armas,1,0,L,Blonde
Olivia de Havilland,5,2,4L2:1S0,To Each His Own(1946)[w 10]
Robert De Niro,7,2,5L1:2S1,Raging Bull(1980)[w 11]
Vittorio De Sica,1,0,S,"Farewell to Arms, A"
Marina de Tavira,1,0,S,Roma
James Dean,2,0,L,East of Eden
Ruby Dee,1,0,S,American Gangster
Benicio del Toro,2,1,S,Traffic
Ariana DeBose,1,1,S,West Side Story
William Demarest,1,0,S,"Jolson Story, The"
Judi Dench,8,1,5L0:3S1,Shakespeare in Love(1998)
Catherine Deneuve,1,0,L,Indochine
Sandy Dennis,1,1,S,Who's Afraid of Virginia Woolf?
G?rard Depardieu,1,0,L,Cyrano de Bergerac
Johnny Depp,3,0,L,Pirates of the Caribbean
Bruce Dern,2,0,1L:1S,Nebraska
Laura Dern,3,1,1L:2S1,Marriage Story
Brandon deWilde,1,0,S,Shane
Leonardo DiCaprio,6,1,5L1:1S0,"Revenant, The(2015)"
Marlene Dietrich,1,0,L,Morocco
Matt Dillon,1,0,S,Crash
Melinda Dillon,2,0,S,Close Encounters of the Third Kind
Richard Dix,1,0,L,Cimarron
Robert Donat,2,1,L,"Goodbye, Mr. Chips"
Brian Donlevy,1,0,S,Beau Geste
Kirk Douglas,3,0,L,Champion
Melvyn Douglas,3,2,1L0:2S2,Hud[w 12]
Michael Douglas,1,1,L,Wall Street
Brad Dourif,1,0,S,One Flew Over the Cuckoo's Nest
Robert Downey Jr.,2,0,1L:1S,Chaplin
Louise Dresser,1,0,L,"Ship Comes In, A"
Marie Dressler,2,1,L,Min and Bill
Richard Dreyfuss,2,1,L,"Goodbye Girl, The"
Adam Driver,2,0,1L:1S,BlacKkKlansman
Minnie Driver,1,0,S,Good Will Hunting
Jean Dujardin,1,1,L,"Artist, The"
Olympia Dukakis,1,1,S,Moonstruck
Patty Duke,1,1,S,"Miracle Worker, The"
Faye Dunaway,3,1,L,Network
Michael Clarke Duncan,1,0,S,"Green Mile, The"
James Dunn,1,1,S,"Tree Grows in Brooklyn, A"
Michael Dunn,1,0,S,Ship of Fools
Irene Dunne,5,0,L,Cimarron
Mildred Dunnock,2,0,S,Death of a Salesman
Kirsten Dunst,1,0,S,The Power of the Dog
Charles Durning,2,0,S,"Best Little Whorehouse in Texas, The"
Robert Duvall,7,1,3L1:4S0,Tender Mercies(1983)
Jeanne Eagels,1,0,L,"Letter, The"
Clint Eastwood,2,0,L,Unforgiven
Samantha Eggar,1,0,L,"Collector, The"
Jesse Eisenberg,1,0,L,"Social Network, The"
Chiwetel Ejiofor,1,0,L,12 Years a Slave
Denholm Elliott,1,0,S,"Room with a View, A"
Sam Elliott,1,0,S,"Star Is Born, A"
Aunjanue Ellis,1,0,S,King Richard
Hope Emerson,1,0,S,Caged
Cynthia Erivo,1,0,L,Harriet
Stuart Erwin,1,0,S,Pigskin Parade
Edith Evans,3,0,1L:2S,"Whisperers, The"
Peter Falk,2,0,S,"Murder, Inc."
Vera Farmiga,1,0,S,Up in the Air
Richard Farnsworth,2,0,1L:1S,"Straight Story, The"
Colin Farrell,1,0,L,The Banshees of Inisherin
Michael Fassbender,2,0,1L:1S,Steve Jobs
Jos? Ferrer,3,1,2L1:1S0,Cyrano de Bergerac(1950)
Sally Field,3,2,2L2:1S0,Norma Rae[w 13]
Ralph Fiennes,2,0,1L:1S,"English Patient, The"
Peter Finch,2,1,L,Network
Frank Finlay,1,0,S,Othello
Albert Finney,5,0,4L:1S,Tom Jones
Colin Firth,2,1,L,"King's Speech, The"
Peter Firth,1,0,S,Equus
Laurence Fishburne,1,0,L,What's Love Got to Do with It
Barry Fitzgerald,2,1,1L0:1S1,Going My Way[n 3]
Geraldine Fitzgerald,1,0,S,Wuthering Heights
Louise Fletcher,1,1,L,One Flew Over the Cuckoo's Nest
Nina Foch,1,0,S,Executive Suite
Henry Fonda,2,1,L,On Golden Pond
Jane Fonda,7,2,6L2:1S0,Klute(1971)[w 14]
Peter Fonda,1,0,L,Ulee's Gold
Joan Fontaine,3,1,L,Suspicion(1941)
Lynn Fontanne,1,0,L,"Guardsman, The"
Harrison Ford,1,0,L,Witness
Frederic Forrest,1,0,S,"Rose, The"
Robert Forster,1,0,S,Jackie Brown
Jodie Foster,4,2,3L2:1S0,"Accused, The(1988)[w 15]"
Jamie Foxx,2,1,1L1:1S0,Ray[n 4]
Anthony Franciosa,1,0,L,"Hatful of Rain, A"
James Franco,1,0,L,127 Hours
Brendan Fraser,1,1,L,"Whale, The"
Morgan Freeman,5,1,3L0:2S1,Million Dollar Baby(2004)
Leonard Frey,1,0,S,Fiddler on the Roof
Brenda Fricker,1,1,S,My Left Foot
Clark Gable,3,1,L,It Happened One Night
Lady Gaga,1,0,L,"Star Is Born, A"
Greta Garbo,3,0,L,Anna Christie
Andy Garc?a,1,0,S,"Godfather Part III, The"
Vincent Gardenia,2,0,S,Bang the Drum Slowly
Ava Gardner,1,0,L,Mogambo
Andrew Garfield,2,0,L,Hacksaw Ridge
John Garfield,2,0,1L:1S,Body and Soul
William Gargan,1,0,S,They Knew What They Wanted
Judy Garland,2,0,1L:1S,"Star Is Born, A"
James Garner,1,0,L,Murphy's Romance
Teri Garr,1,0,S,Tootsie
Greer Garson,7,1,L,Mrs. Miniver(1942)
Janet Gaynor,2,1,L,7th Heaven
Michael V. Gazzo,1,0,S,"Godfather Part II, The"
Leo Genn,1,0,S,Quo Vadis
Chief Dan George,1,0,S,Little Big Man
Gladys George,1,0,L,Valiant Is the Word for Carrie
Paul Giamatti,1,0,S,Cinderella Man
Giancarlo Giannini,1,0,L,Seven Beauties
John Gielgud,2,1,S,Arthur
Jack Gilford,1,0,S,Save the Tiger
Lillian Gish,1,0,S,Duel in the Sun
Jackie Gleason,1,0,S,"Hustler, The"
James Gleason,1,0,S,Here Comes Mr. Jordan
Brendan Gleeson,1,0,S,The Banshees of Inisherin
Paulette Goddard,1,0,S,So Proudly We Hail!
Whoopi Goldberg,2,1,1L0:1S1,Ghost
Thomas Gomez,1,0,S,Ride the Pink Horse
Cuba Gooding Jr.,1,1,S,Jerry Maguire
Dexter Gordon,1,0,L,Round Midnight
Ruth Gordon,2,1,S,Rosemary's Baby
Ryan Gosling,2,0,L,Half Nelson
Louis Gossett Jr.,1,1,S,"Officer and a Gentleman, An"
Elliott Gould,1,0,S,Bob & Carol & Ted & Alice
Gloria Grahame,2,1,S,"Bad and the Beautiful, The"
Cary Grant,2,0,L,Penny Serenade
Lee Grant,4,1,S,Shampoo(1975)
Richard E. Grant,1,0,S,Can You Ever Forgive Me?
Bonita Granville,1,0,S,These Three
Graham Greene,1,0,S,Dances with Wolves
Sydney Greenstreet,1,0,S,"Maltese Falcon, The"
Joel Grey,1,1,S,Cabaret
Corinne Griffith,1,0,L,"Divine Lady, The"
Hugh Griffith,2,1,S,Ben-Hur
Melanie Griffith,1,0,L,Working Girl
Rachel Griffiths,1,0,S,Hilary and Jackie
Alec Guinness,4,1,2L1:2S0,"Bridge on the River Kwai, The(1957)"
Edmund Gwenn,2,1,S,Miracle on 34th Street
Jake Gyllenhaal,1,0,S,Brokeback Mountain
Maggie Gyllenhaal,1,0,S,Crazy Heart
Joan Hackett,1,0,S,Only When I Laugh
Gene Hackman,5,2,2L1:3S1,"French Connection, The(1971)[w 16]"
Jean Hagen,1,0,S,Singin' in the Rain
Jackie Earle Haley,1,0,S,Little Children
Grayson Hall,1,0,S,"Night of the Iguana, The"
Tom Hanks,6,2,5L2:1S0,Philadelphia(1993)[w 17]
Marcia Gay Harden,2,1,S,Pollock
Ann Harding,1,0,L,Holiday
Tom Hardy,1,0,S,"Revenant, The"
Tess Harper,1,0,S,Crimes of the Heart
Woody Harrelson,3,0,1L:2S,"People vs. Larry Flynt, The"
Barbara Harris,1,0,S,Who Is Harry Kellerman...?
Ed Harris,4,0,1L:3S,Pollock(2000)
Julie Harris,1,0,L,"Member of the Wedding, The"
Naomie Harris,1,0,S,Moonlight
Richard Harris,2,0,L,This Sporting Life
Rosemary Harris,1,0,S,Tom & Viv
Rex Harrison,2,1,L,My Fair Lady
Elizabeth Hartman,1,0,L,"Patch of Blue, A"
Laurence Harvey,1,0,L,Room at the Top
Anne Hathaway,2,1,1L0:1S1,Les Mis?rables
Ethan Hawke,2,0,S,Training Day
John Hawkes,1,0,S,Winter's Bone
Sally Hawkins,2,0,1L:1S,"Shape of Water, The"
Goldie Hawn,2,1,1L0:1S1,Cactus Flower
Nigel Hawthorne,1,0,L,"Madness of King George, The"
Sessue Hayakawa,1,0,S,"Bridge on the River Kwai, The"
Salma Hayek,1,0,L,Frida
Helen Hayes,2,2,1L1:1S1,"Sin of Madelon Claudet, The[w 18]"
Susan Hayward,5,1,L,I Want to Live!
Eileen Heckart,2,1,S,Butterflies Are Free
Lucas Hedges,1,0,S,Manchester by the Sea
Van Heflin,1,1,S,Johnny Eager
Mariel Hemingway,1,0,S,Manhattan
Brian Tyree Henry,1,0,S,Causeway
Justin Henry,1,0,S,Kramer vs. Kramer
Taraji P. Henson,1,0,S,"Curious Case of Benjamin Button, The"
Audrey Hepburn,5,1,L,Roman Holiday
Katharine Hepburn,12,4,L,Morning Glory[w 19]
Barbara Hershey,1,0,S,"Portrait of a Lady, The"
Charlton Heston,1,1,L,Ben-Hur
William Hickey,1,0,S,Prizzi's Honor
Jonah Hill,2,0,S,Moneyball
Wendy Hiller,3,1,1L0:2S1,Separate Tables(1958)
Ciar?n Hinds,1,0,S,Belfast
Judd Hirsch,2,0,S,Ordinary People
Dustin Hoffman,7,2,L,Kramer vs. Kramer(1979)[w 20]
Philip Seymour Hoffman,4,1,1L1:3S0,Capote
Hal Holbrook,1,0,S,Into the Wild
William Holden,3,1,L,Stalag 17(1953)
Judy Holliday,1,1,L,Born Yesterday
Stanley Holloway,1,0,S,My Fair Lady
Celeste Holm,3,1,S,Gentleman's Agreement
Ian Holm,1,0,S,Chariots of Fire
Oskar Homolka,1,0,S,I Remember Mama
Anthony Hopkins,6,2,4L2:2S0,"Silence of the Lambs, The"
Miriam Hopkins,1,0,L,Becky Sharp
Dennis Hopper,1,0,S,Hoosiers
Bob Hoskins,1,0,L,Mona Lisa
Djimon Hounsou,2,0,S,In America
John Houseman,1,1,S,"Paper Chase, The"
Leslie Howard,2,0,L,Berkeley Square
Terrence Howard,1,0,L,Hustle & Flow
Trevor Howard,1,0,L,Sons and Lovers
Stephanie Hsu,1,0,S,Everything Everywhere All at Once
Jennifer Hudson,1,1,S,Dreamgirls
Kate Hudson,1,0,S,Almost Famous
Rock Hudson,1,0,L,Giant
Felicity Huffman,1,0,L,Transamerica
Tom Hulce,1,0,L,Amadeus
Josephine Hull,1,1,S,Harvey
Arthur Hunnicutt,1,0,S,"Big Sky, The"
Helen Hunt,2,1,1L1:1S0,As Good as It Gets
Linda Hunt,1,1,S,"Year of Living Dangerously, The"
Holly Hunter,4,1,2L1:2S0,"Piano, The(1993)[n 5]"
Kim Hunter,1,1,S,"Streetcar Named Desire, A"
Isabelle Huppert,1,0,L,Elle
John Hurt,2,0,1L:1S,"Elephant Man, The"
William Hurt,4,1,3L1:1S0,Kiss of the Spider Woman
Ruth Hussey,1,0,S,"Philadelphia Story, The"
Anjelica Huston,3,1,1L0:2S1,Prizzi's Honor
John Huston,1,0,S,"Cardinal, The"
Walter Huston,4,1,2L0:2S1,"Treasure of the Sierra Madre, The"
Timothy Hutton,1,1,S,Ordinary People
Martha Hyer,1,0,S,Some Came Running
John Ireland,1,0,S,All the King's Men
Jeremy Irons,1,1,L,Reversal of Fortune
Amy Irving,1,0,S,Yentl
Burl Ives,1,1,S,"Big Country, The"
Hugh Jackman,1,0,L,Les Mis?rables
Glenda Jackson,4,2,L,Women in Love[w 21]
Samuel L. Jackson,1,0,S,Pulp Fiction
Richard Jaeckel,1,0,S,Sometimes a Great Notion
Sam Jaffe,1,0,S,"Asphalt Jungle, The"
Dean Jagger,1,1,S,Twelve O'Clock High
Allison Janney,1,1,S,"I, Tonya"
Emil Jannings,1,1,L,"Way of All Flesh, The"
Marianne Jean-Baptiste,1,0,S,Secrets & Lies
Richard Jenkins,2,0,1L:1S,"Visitor, The"
Scarlett Johansson,2,0,1L:1S,Marriage Story[n 6]
Glynis Johns,1,0,S,"Sundowners, The"
Ben Johnson,1,1,S,"Last Picture Show, The"
Celia Johnson,1,0,L,Brief Encounter
Angelina Jolie,2,1,1L0:1S1,"Girl, Interrupted"
Carolyn Jones,1,0,S,"Bachelor Party, The"
Felicity Jones,1,0,L,"Theory of Everything, The"
James Earl Jones,1,0,L,"Great White Hope, The"
Jennifer Jones,5,1,4L1:1S0,"Song of Bernadette, The"
Shirley Jones,1,1,S,Elmer Gantry
Tommy Lee Jones,4,1,1L0:3S1,"Fugitive, The(1993)"
Katy Jurado,1,0,S,Broken Lance
Madeline Kahn,2,0,S,Paper Moon
Daniel Kaluuya,2,1,1L0:1S1,Judas and the Black Messiah
Ida Kami?ska,1,0,L,"Shop on Main Street, The"
Carol Kane,1,0,L,Hester Street
Diane Keaton,4,1,L,Annie Hall
Michael Keaton,1,0,L,Birdman
Lila Kedrova,1,1,S,Zorba the Greek
Catherine Keener,2,0,S,Being John Malkovich
Harvey Keitel,1,0,S,Bugsy
Cecil Kellaway,2,0,S,"Luck of the Irish, The"
Sally Kellerman,1,0,S,MASH
Gene Kelly,1,0,L,Anchors Aweigh
Grace Kelly,2,1,1L1:1S0,"Country Girl, The"
Nancy Kelly,1,0,L,"Bad Seed, The"
Anna Kendrick,1,0,S,Up in the Air
Arthur Kennedy,5,0,1L:4S,Bright Victory(1951)
George Kennedy,1,1,S,Cool Hand Luke
Barry Keoghan,1,0,S,The Banshees of Inisherin
Deborah Kerr,6,0,L,"Edward, My Son"
Nicole Kidman,5,1,4L1:1S0,"Hours, The(2002)"
Rinko Kikuchi,1,0,S,Babel
Regina King,1,1,S,If Beale Street Could Talk
Ben Kingsley,4,1,2L1:2S0,Gandhi
Greg Kinnear,1,0,S,As Good as It Gets
Vanessa Kirby,1,0,L,Pieces of a Woman
Sally Kirkland,1,0,L,Anna
Kevin Kline,1,1,S,"Fish Called Wanda, A"
Shirley Knight,2,0,S,"Dark at the Top of the Stairs, The"
Keira Knightley,2,0,1L:1S,Pride & Prejudice
Alexander Knox,1,0,L,Wilson
Susan Kohner,1,0,S,Imitation of Life
Miliza Korjus,1,0,S,"Great Waltz, The"
Troy Kotsur,1,1,S,CODA
Jack Kruschen,1,0,S,"Apartment, The"
Diane Ladd,3,0,S,Alice Doesn't Live Here Anymore
Jocelyne LaGarde,1,0,S,Hawaii
Christine Lahti,1,0,S,Swing Shift
Burt Lancaster,4,1,L,Elmer Gantry(1960)
Elsa Lanchester,2,0,S,Come to the Stable
Martin Landau,3,1,S,Ed Wood
Diane Lane,1,0,L,Unfaithful
Hope Lange,1,0,S,Peyton Place
Jessica Lange,6,2,5L1:1S1,Blue Sky[n 7]
Frank Langella,1,0,L,Frost/Nixon
Angela Lansbury,3,0,S,Gaslight
Brie Larson,1,1,L,Room
Queen Latifah,1,0,S,Chicago
Charles Laughton,3,1,L,"Private Life of Henry VIII, The"
Piper Laurie,3,0,1L:2S,"Hustler, The"
Jude Law,2,0,1L:1S,Cold Mountain
Jennifer Lawrence,4,1,3L1:1S0,Silver Linings Playbook(2012)
Eva Le Gallienne,1,0,S,Resurrection
Cloris Leachman,1,1,S,"Last Picture Show, The"
Heath Ledger,2,1,1L0:1S1,"Dark Knight, The"
Peggy Lee,1,0,S,Pete Kelly's Blues
Andrea Leeds,1,0,S,Stage Door
Janet Leigh,1,0,S,Psycho
Jennifer Jason Leigh,1,0,S,"Hateful Eight, The"
Vivien Leigh,2,2,L,Gone with the Wind[w 22]
Margaret Leighton,1,0,S,"Go-Between, The"
Jack Lemmon,8,2,7L1:1S1,Save the Tiger(1973)[w 23]
Lotte Lenya,1,0,S,"Roman Spring of Mrs. Stone, The"
Melissa Leo,2,1,1L0:1S1,"Fighter, The"
Michael Lerner,1,0,S,Barton Fink
Jared Leto,1,1,S,Dallas Buyers Club
Juliette Lewis,1,0,S,Cape Fear
Laura Linney,3,0,2L:1S,You Can Count on Me
John Lithgow,2,0,S,"World According to Garp, The"
Sondra Locke,1,0,S,"Heart Is a Lonely Hunter, The"
Gene Lockhart,1,0,S,Algiers
Robert Loggia,1,0,S,Jagged Edge
Carole Lombard,1,0,L,My Man Godfrey
Sophia Loren,2,1,L,Two Women
Joan Lorring,1,0,S,"Corn Is Green, The"
Bessie Love,1,0,L,"Broadway Melody, The"
Paul Lukas,1,1,L,Watch on the Rhine
Alfred Lunt,1,0,L,"Guardsman, The"
Ali MacGraw,1,0,L,Love Story
Shirley MacLaine,5,1,L,Terms of Endearment
Aline MacMahon,1,0,S,Dragon Seed
William H. Macy,1,0,S,Fargo
Amy Madigan,1,0,S,Twice in a Lifetime
Virginia Madsen,1,0,S,Sideways
Anna Magnani,2,1,L,"Rose Tattoo, The"
Marjorie Main,1,0,S,"Egg and I, The"
Mako,1,0,S,"Sand Pebbles, The"
Karl Malden,2,1,S,"Streetcar Named Desire, A"
Rami Malek,1,1,L,Bohemian Rhapsody
John Malkovich,2,0,S,Places in the Heart
Dorothy Malone,1,1,S,Written on the Wind
Joe Mantell,1,0,S,Marty
Lesley Manville,1,0,S,Phantom Thread
Rooney Mara,2,0,1L:1S,"Girl with the Dragon Tattoo, The"
Fredric March,5,2,L,Dr. Jekyll and Mr. Hyde(1931)[w 24]
Colette Marchand,1,0,S,Moulin Rouge
John Marley,1,0,S,Love Story
Lee Marvin,1,1,L,Cat Ballou
James Mason,3,0,1L:2S,"Star Is Born, A"
Marsha Mason,4,0,L,Cinderella Liberty
Daniel Massey,1,0,S,Star!
Raymond Massey,1,0,L,Abe Lincoln in Illinois
Mary E. Mastrantonio,1,0,S,"Color of Money, The"
Marcello Mastroianni,3,0,L,Divorce Italian Style
Marlee Matlin,1,1,L,Children of a Lesser God
Walter Matthau,3,1,2L0:1S1,"Fortune Cookie, The"
Rachel McAdams,1,0,S,Spotlight
Mercedes McCambridge,2,1,S,All the King's Men
Kevin McCarthy,1,0,S,Death of a Salesman
Melissa McCarthy,2,0,1L:1S,Can You Ever Forgive Me?
Matthew McConaughey,1,1,L,Dallas Buyers Club
Patty McCormack,1,0,S,"Bad Seed, The"
Hattie McDaniel,1,1,S,Gone with the Wind
Mary McDonnell,2,0,1L:1S,Passion Fish
Frances McDormand,6,3,3L3:3S0,Fargo(1996)[w 25]
Elizabeth McGovern,1,0,S,Ragtime
Dorothy McGuire,1,0,L,Gentleman's Agreement
Ian McKellen,2,0,1L:1S,Gods and Monsters
Victor McLaglen,2,1,1L1:1S0,"Informer, The"
Maggie McNamara,1,0,L,"Moon Is Blue, The"
Steve McQueen,1,0,L,"Sand Pebbles, The"
Janet McTeer,2,0,1L:1S,Tumbleweeds
Kay Medford,1,0,S,Funny Girl
Adolphe Menjou,1,0,L,"Front Page, The"
Vivien Merchant,1,0,S,Alfie
Melina Mercouri,1,0,L,Never on Sunday
Burgess Meredith,2,0,S,"Day of the Locust, The"
Una Merkel,1,0,S,Summer and Smoke
Paul Mescal,1,0,L,Aftersun
Laurie Metcalf,1,0,S,Lady Bird
Bette Midler,2,0,L,"Rose, The"
Sarah Miles,1,0,L,Ryan's Daughter
Sylvia Miles,2,0,S,Midnight Cowboy
Penelope Milford,1,0,S,Coming Home
Ray Milland,1,1,L,"Lost Weekend, The"
Jason Miller,1,0,S,"Exorcist, The"
John Mills,1,1,S,Ryan's Daughter
Sal Mineo,2,0,S,Rebel Without a Cause
Liza Minnelli,2,1,L,Cabaret
Helen Mirren,4,1,2L1:2S0,"Queen, The(2006)"
Thomas Mitchell,2,1,S,Stagecoach
Robert Mitchum,1,0,S,"Story of G.I. Joe, The"
Mo'Nique,1,1,S,Precious
Fernanda Montenegro,1,0,L,Central Station
Robert Montgomery,2,0,L,Night Must Fall
Ron Moody,1,0,L,Oliver!
Dudley Moore,1,0,L,Arthur
Grace Moore,1,0,L,One Night of Love
Juanita Moore,1,0,S,Imitation of Life
Julianne Moore,5,1,3L1:2S0,Still Alice[n 8]
Mary Tyler Moore,1,0,L,Ordinary People
Terry Moore,1,0,S,"Come Back, Little Sheba"
Agnes Moorehead,4,0,S,"Magnificent Ambersons, The"
Rita Moreno,1,1,S,West Side Story
Frank Morgan,2,0,1L:1S,"Affairs of Cellini, The"
Cathy Moriarty,1,0,S,Raging Bull
Pat Morita,1,0,S,"Karate Kid, The"
Robert Morley,1,0,S,Marie Antoinette
Chester Morris,1,0,L,Alibi
Viggo Mortensen,3,0,L,Eastern Promises
Samantha Morton,2,0,1L:1S,In America
Armin Mueller-Stahl,1,0,S,Shine
Carey Mulligan,2,0,L,"Education, An"
Paul Muni,6,1,L,"Story of Louis Pasteur, The(1936)"
Eddie Murphy,1,0,S,Dreamgirls
Bill Murray,1,0,L,Lost in Translation
Don Murray,1,0,S,Bus Stop
J. Carrol Naish,2,0,S,Sahara
Mildred Natwick,1,0,S,Barefoot in the Park
Patricia Neal,2,1,L,Hud
Liam Neeson,1,0,L,Schindler's List
Ruth Negga,1,0,L,Loving
Kate Nelligan,1,0,S,"Prince of Tides, The"
Paul Newman,9,1,8L1:1S0,"Color of Money, The(1986)"
Haing S. Ngor,1,1,S,"Killing Fields, The"
Jack Nicholson,12,3,8L2:4S1,One Flew Over the Cuckoo's Nest(1975)[w 26]
Bill Nighy,1,0,S,Living
David Niven,1,1,L,Separate Tables
Nick Nolte,3,0,2L:1S,"Prince of Tides, The"
Edward Norton,3,0,1L:2S,American History X(1998)
Lupita Nyong'o,1,1,S,12 Years a Slave
Edmond O'Brien,2,1,S,"Barefoot Contessa, The"
Arthur O'Connell,2,0,S,Picnic
Dan O'Herlihy,1,0,L,Robinson Crusoe
Michael O'Keefe,1,0,S,"Great Santini, The"
Ryan O'Neal,1,0,L,Love Story
Tatum O'Neal,1,1,S,Paper Moon
Barbara O'Neil,1,0,S,"All This, and Heaven Too"
Peter O'Toole,8,0,L,Lawrence of Arabia
Jack Oakie,1,0,S,"Great Dictator, The"
Merle Oberon,1,0,L,"Dark Angel, The"
Leslie Odom Jr.,1,0,S,One Night in Miami...
Sophie Okonedo,1,0,S,Hotel Rwanda
Gary Oldman,3,1,L,Darkest Hour
Lena Olin,1,0,S,"Enemies, A Love Story"
Edna May Oliver,1,0,S,Drums Along the Mohawk
Laurence Olivier,10,1,9L1:1S0,Hamlet(1948)
Edward James Olmos,1,0,L,Stand and Deliver
Nancy Olson,1,0,S,Sunset Boulevard
Haley Joel Osment,1,0,S,"Sixth Sense, The"
Maria Ouspenskaya,2,0,S,Dodsworth
Clive Owen,1,0,S,Closer
Al Pacino,9,1,5L1:4S0,Scent of a Woman(1992)[n 9]
Elliot Page,1,0,L,Juno
Geraldine Page,8,1,4L1:4S0,"Trip to Bountiful, The"
Jack Palance,3,1,S,City Slickers
Chazz Palminteri,1,0,S,Bullets over Broadway
Gwyneth Paltrow,1,1,L,Shakespeare in Love
Anna Paquin,1,1,S,"Piano, The"
Eleanor Parker,3,0,L,Caged
Larry Parks,1,0,L,"Jolson Story, The"
Estelle Parsons,2,1,S,Bonnie and Clyde
Dev Patel,1,0,S,Lion
Marisa Pavan,1,0,S,"Rose Tattoo, The"
Katina Paxinou,1,1,S,For Whom the Bell Tolls
David Paymer,1,0,S,Mr. Saturday Night
Gregory Peck,5,1,L,To Kill a Mockingbird
Sean Penn,5,2,L,Mystic River(2003)[w 27]
Rosie Perez,1,0,S,Fearless
Anthony Perkins,1,0,S,Friendly Persuasion
Valerie Perrine,1,0,L,Lenny
Joe Pesci,3,1,S,Goodfellas(1990)
Susan Peters,1,0,S,Random Harvest
Michelle Pfeiffer,3,0,2L:1S,"Fabulous Baker Boys, The(1989)"
Joaquin Phoenix,4,1,3L1:1S0,Joker
River Phoenix,1,0,S,Running on Empty
Mary Pickford,1,1,L,Coquette
Walter Pidgeon,2,0,L,Mrs. Miniver
Rosamund Pike,1,0,L,Gone Girl
Brad Pitt,4,1,2L0:2S1,Once Upon a Time in Hollywood
Jesse Plemons,1,0,S,The Power of the Dog
Joan Plowright,1,0,S,Enchanted April
Christopher Plummer,3,1,S,Beginners(2011)
Sidney Poitier,2,1,L,Lilies of the Field
Michael J. Pollard,1,0,S,Bonnie and Clyde
Natalie Portman,3,1,2L1:1S0,Black Swan(2010)
Pete Postlethwaite,1,0,S,In the Name of the Father
William Powell,3,0,L,"Thin Man, The"
Robert Preston,1,0,S,Victor/Victoria
Jonathan Pryce,1,0,L,"Two Popes, The"
Florence Pugh,1,0,S,Little Women
Randy Quaid,1,0,S,"Last Detail, The"
Ke Huy Quan,1,1,S,Everything Everywhere All at Once
Anthony Quayle,1,0,S,Anne of the Thousand Days
Kathleen Quinlan,1,0,S,Apollo 13
Anthony Quinn,4,2,2L0:2S2,Viva Zapata![w 28]
Paul Raci,1,0,S,Sound of Metal
Luise Rainer,2,2,L,"Great Ziegfeld, The[w 29]"
Claude Rains,4,0,S,Mr. Smith Goes to Washington
Marjorie Rambeau,2,0,S,Primrose Path
Charlotte Rampling,1,0,L,45 Years
Anne Ramsey,1,0,S,Throw Momma from the Train
Basil Rathbone,2,0,S,Romeo and Juliet
Stephen Rea,1,0,L,"Crying Game, The"
Robert Redford,1,0,L,"Sting, The"
Lynn Redgrave,2,0,1L:1S,Georgy Girl
Michael Redgrave,1,0,L,Mourning Becomes Electra
Vanessa Redgrave,6,1,4L0:2S1,Julia(1977)
Joyce Redman,2,0,S,Tom Jones
Eddie Redmayne,2,1,L,"Theory of Everything, The"
Donna Reed,1,1,S,From Here to Eternity
John C. Reilly,1,0,S,Chicago
Lee Remick,1,0,L,Days of Wine and Roses
Jeremy Renner,2,0,1L:1S,"Hurt Locker, The"
Anne Revere,3,1,S,National Velvet(1945)
Burt Reynolds,1,0,S,Boogie Nights
Debbie Reynolds,1,0,L,"Unsinkable Molly Brown, The"
Beah Richards,1,0,S,Guess Who's Coming to Dinner
Miranda Richardson,2,0,1L:1S,Tom & Viv
Ralph Richardson,2,0,S,"Heiress, The"
Andrea Riseborough,1,0,L,To Leslie
Thelma Ritter,6,0,S,All About Eve
Emmanuelle Riva,1,0,L,Amour
Jason Robards,3,2,S,All the President's Men[w 30]
Margot Robbie,2,0,1L:1S,"I, Tonya"
Tim Robbins,1,1,S,Mystic River
Eric Roberts,1,0,S,Runaway Train
Julia Roberts,4,1,2L1:2S0,Erin Brockovich(2000)
Rachel Roberts,1,0,L,This Sporting Life
Cliff Robertson,1,1,L,Charly
Flora Robson,1,0,S,Saratoga Trunk
May Robson,1,0,L,Lady for a Day
Sam Rockwell,2,1,S,"Three Billboards Outside Ebbing, Missouri"
Ginger Rogers,1,1,L,Kitty Foyle
Howard Rollins,1,0,S,Ragtime
Saoirse Ronan,4,0,3L:1S,Atonement
Mickey Rooney,4,0,2L:2S,Babes in Arms
Diana Ross,1,0,L,Lady Sings the Blues
Katharine Ross,1,0,S,"Graduate, The"
Tim Roth,1,0,S,Rob Roy
Mickey Rourke,1,0,L,"Wrestler, The"
Gena Rowlands,2,0,L,"Woman Under the Influence, A"
Mercedes Ruehl,1,1,S,"Fisher King, The"
Mark Ruffalo,3,0,S,"Kids Are All Right, The"
Geoffrey Rush,4,1,2L1:2S0,Shine
Harold Russell,1,1,S,"Best Years of Our Lives, The"
Rosalind Russell,4,0,L,My Sister Eileen
Margaret Rutherford,1,1,S,"V.I.P.s, The"
Amy Ryan,1,0,S,Gone Baby Gone
Robert Ryan,1,0,S,Crossfire
Winona Ryder,2,0,1L:1S,Little Women
Mark Rylance,1,1,S,Bridge of Spies
Eva Marie Saint,1,1,S,On the Waterfront
George Sanders,1,1,S,All About Eve
Catalina Sandino Moreno,1,0,L,Maria Full of Grace
Chris Sarandon,1,0,S,Dog Day Afternoon
Susan Sarandon,5,1,L,Dead Man Walking
Telly Savalas,1,0,S,Birdman of Alcatraz
Diana Scarwid,1,0,S,Inside Moves
Roy Scheider,2,0,1L:1S,All That Jazz
Maximilian Schell,3,1,2L1:1S0,Judgment at Nuremberg
Joseph Schildkraut,1,1,S,"Life of Emile Zola, The"
Paul Scofield,2,1,1L1:1S0,"Man for All Seasons, A"
George C. Scott,4,1,2L1:2S0,Patton(1970)
Martha Scott,1,0,L,Our Town
Kristin Scott Thomas,1,0,L,"English Patient, The"
George Segal,1,0,S,Who's Afraid of Virginia Woolf?
Peter Sellers,2,0,L,Dr. Strangelove
Chlo? Sevigny,1,0,S,Boys Don't Cry
Amanda Seyfried,1,0,S,Mank
Michael Shannon,2,0,S,Revolutionary Road
Omar Sharif,1,0,S,Lawrence of Arabia
Robert Shaw,1,0,S,"Man for All Seasons, A"
Norma Shearer,5,1,L,"Divorcee, The"
Sam Shepard,1,0,S,"Right Stuff, The"
Talia Shire,2,0,1L:1S,"Godfather Part II, The"
Anne Shirley,1,0,S,Stella Dallas
Elisabeth Shue,1,0,L,Leaving Las Vegas
Gabourey Sidibe,1,0,L,Precious
Sylvia Sidney,1,0,S,"Summer Wishes, Winter Dreams"
Simone Signoret,2,1,L,Room at the Top
J. K. Simmons,2,1,S,Whiplash
Jean Simmons,2,0,1L:1S,"Happy Ending, The"
Frank Sinatra,2,1,1L0:1S1,From Here to Eternity
Gary Sinise,1,0,S,Forrest Gump
Lilia Skala,1,0,S,Lilies of the Field
Kodi Smit-McPhee,1,0,S,The Power of the Dog
Maggie Smith,6,2,2L1:4S1,"Prime of Miss Jean Brodie, The(1969)[w 31]"
Will Smith,3,1,L,King Richard
Carrie Snodgress,1,0,L,Diary of a Mad Housewife
Gale Sondergaard,2,1,S,Anthony Adverse
Mira Sorvino,1,1,S,Mighty Aphrodite
Ann Sothern,1,0,S,"Whales of August, The"
Sissy Spacek,6,1,L,Coal Miner's Daughter(1980)
Kevin Spacey,2,2,1L1:1S1,American Beauty[w 32]
Octavia Spencer,3,1,S,"Help, The"
June Squibb,1,0,S,Nebraska
Robert Stack,1,0,S,Written on the Wind
Sylvester Stallone,2,0,1L:1S,Rocky
Terence Stamp,1,0,S,Billy Budd
Lakeith Stanfield,1,0,S,Judas and the Black Messiah
Kim Stanley,2,0,1L:1S,S?ance on a Wet Afternoon
Barbara Stanwyck,4,0,L,Stella Dallas
Maureen Stapleton,4,1,S,Reds
Imelda Staunton,1,0,L,Vera Drake
Mary Steenburgen,1,1,S,Melvin and Howard
Rod Steiger,3,1,2L1:1S0,In the Heat of the Night
Hailee Steinfeld,1,0,S,True Grit
James Stephenson,1,0,S,"Letter, The"
Jan Sterling,1,0,S,"High and the Mighty, The"
James Stewart,5,1,L,"Philadelphia Story, The(1940)"
Kristen Stewart,1,0,L,Spencer
Dean Stockwell,1,0,S,Married to the Mob
Emma Stone,3,1,1L1:2S0,La La Land(2016)
Lewis Stone,1,0,L,"Patriot, The"
Sharon Stone,1,0,L,Casino
Beatrice Straight,1,1,S,Network
Lee Strasberg,1,0,S,"Godfather Part II, The"
David Strathairn,1,0,L,"Good Night, and Good Luck"
Robert Strauss,1,0,S,Stalag 17
Meryl Streep,21,3,17L2:4S1,Sophie's Choice(1982)[w 33]
Barbra Streisand,2,1,L,Funny Girl
Erich von Stroheim,1,0,S,Sunset Boulevard
Gloria Stuart,1,0,S,Titanic
Margaret Sullavan,1,0,L,Three Comrades
Janet Suzman,1,0,L,Nicholas and Alexandra
Hilary Swank,2,2,L,Boys Don't Cry[w 34]
Gloria Swanson,3,0,L,Sadie Thompson
Tilda Swinton,1,1,S,Michael Clayton
Russ Tamblyn,1,0,S,Peyton Place
Akim Tamiroff,2,0,S,"General Died at Dawn, The"
Jessica Tandy,2,1,1L1:1S0,Driving Miss Daisy
Elizabeth Taylor,5,2,L,BUtterfield 8(1960)[w 35]
Charlize Theron,3,1,L,Monster
Emma Thompson,4,1,3L1:1S0,Howards End[n 10]
Billy Bob Thornton,2,0,1L:1S,Sling Blade
Uma Thurman,1,0,S,Pulp Fiction
Lawrence Tibbett,1,0,L,"Rogue Song, The"
Gene Tierney,1,0,L,Leave Her to Heaven
Jennifer Tilly,1,0,S,Bullets over Broadway
Meg Tilly,1,0,S,Agnes of God
Richard Todd,1,0,L,"Hasty Heart, The"
Marisa Tomei,3,1,S,My Cousin Vinny
Lily Tomlin,1,0,S,Nashville
Franchot Tone,1,0,L,Mutiny on the Bounty
Topol,1,0,L,Fiddler on the Roof
Rip Torn,1,0,S,Cross Creek
Lee Tracy,1,0,S,"Best Man, The"
Spencer Tracy,9,2,L,Captains Courageous(1937)[w 36]
Henry Travers,1,0,S,Mrs. Miniver
John Travolta,2,0,L,Saturday Night Fever
Claire Trevor,3,1,S,Key Largo(1948)
Massimo Troisi,1,0,L,"Postman, The"
Stanley Tucci,1,0,S,"Lovely Bones, The"
Tom Tully,1,0,S,"Caine Mutiny, The"
Kathleen Turner,1,0,L,Peggy Sue Got Married
Lana Turner,1,0,L,Peyton Place
Susan Tyrrell,1,0,S,Fat City
Cicely Tyson,1,0,L,Sounder
Liv Ullmann,2,0,L,"Emigrants, The"
Miyoshi Umeki,1,1,S,Sayonara
Mary Ure,1,0,S,Sons and Lovers
Peter Ustinov,3,2,S,Spartacus(1960)[w 37]
Brenda Vaccaro,1,0,S,Once Is Not Enough
Jo Van Fleet,1,1,S,East of Eden
Diane Varsi,1,0,S,Peyton Place
Robert Vaughn,1,0,S,"Young Philadelphians, The"
Alicia Vikander,1,1,S,"Danish Girl, The"
Jon Voight,4,1,3L1:1S0,Coming Home(1978)
Max von Sydow,2,0,1L:1S,Pelle the Conqueror
Mark Wahlberg,1,0,S,"Departed, The"
Christopher Walken,2,1,S,"Deer Hunter, The"
Quvenzhan? Wallis,1,0,L,Beasts of the Southern Wild
Julie Walters,2,0,1L:1S,Educating Rita
Christoph Waltz,2,2,S,Inglourious Basterds[w 38]
Jack Warden,2,0,S,Shampoo
H. B. Warner,1,0,S,Lost Horizon
Lesley Ann Warren,1,0,S,Victor/Victoria
Denzel Washington,9,2,7L1:2S1,Glory(1989)[w 39]
Ken Watanabe,1,0,S,"Last Samurai, The"
Ethel Waters,1,0,S,Pinky
Sam Waterston,1,0,L,"Killing Fields, The"
Emily Watson,2,0,L,Breaking the Waves
Lucile Watson,1,0,S,Watch on the Rhine
Naomi Watts,2,0,L,21 Grams
John Wayne,2,1,L,True Grit
Jacki Weaver,2,0,S,Animal Kingdom
Sigourney Weaver,3,0,2L:1S,Aliens[n 11]
Clifton Webb,3,0,1L:2S,Sitting Pretty
Rachel Weisz,2,1,S,"Constant Gardener, The"
Tuesday Weld,1,0,S,Looking for Mr. Goodbar
Orson Welles,1,0,L,Citizen Kane
Oskar Werner,1,0,L,Ship of Fools
Forest Whitaker,1,1,L,"Last King of Scotland, The"
Stuart Whitman,1,0,L,"Mark, The"
James Whitmore,2,0,1L:1S,"Give 'em Hell, Harry!"
May Whitty,2,0,S,Night Must Fall
Richard Widmark,1,0,S,Kiss of Death
Dianne Wiest,3,2,S,Hannah and Her Sisters[w 40]
Jack Wild,1,0,S,Oliver!
Cornel Wilde,1,0,L,"Song to Remember, A"
Gene Wilder,1,0,S,"Producers, The"
Tom Wilkinson,2,0,1L:1S,In the Bedroom
Cara Williams,1,0,S,"Defiant Ones, The"
Michelle Williams,5,0,3L:2S,Blue Valentine(2010)
Robin Williams,4,1,3L0:1S1,Good Will Hunting
Chill Wills,1,0,S,"Alamo, The"
Paul Winfield,1,0,L,Sounder
Oprah Winfrey,1,0,S,"Color Purple, The"
Debra Winger,3,0,L,"Officer and a Gentleman, An"
Mare Winningham,1,0,S,Georgia
Kate Winslet,7,1,4L1:3S0,"Reader, The(2008)"
Shelley Winters,4,2,1L0:3S2,"Diary of Anne Frank, The(1959)[w 41]"
Reese Witherspoon,2,1,L,Walk the Line
Natalie Wood,3,0,2L:1S,Splendor in the Grass(1961)
Peggy Wood,1,0,S,"Sound of Music, The"
Alfre Woodard,1,0,S,Cross Creek
James Woods,2,0,1L:1S,Salvador
Joanne Woodward,4,1,L,"Three Faces of Eve, The"
Monty Woolley,2,0,1L:1S,"Pied Piper, The"
Teresa Wright,3,1,1L0:2S1,Mrs. Miniver[n 12]
Margaret Wycherly,1,0,S,Sergeant York
Jane Wyman,4,1,L,Johnny Belinda(1948)
Ed Wynn,1,0,S,"Diary of Anne Frank, The"
Diana Wynyard,1,0,L,Cavalcade
Michelle Yeoh,1,1,L,Everything Everywhere All at Once
Steven Yeun,1,0,L,Minari
Susannah York,1,0,S,"They Shoot Horses, Don't They?"
Burt Young,1,0,S,Rocky
Gig Young,3,1,S,"They Shoot Horses, Don't They?"
Loretta Young,2,1,L,"Farmer's Daughter, The"
Roland Young,1,0,S,Topper
Youn Yuh-jung,1,1,S,Minari
Ren?e Zellweger,4,2,3L1:1S1,Judy[w 42]
Catherine Zeta-Jones,1,1,S,Chicago
